filing_date,code,fiscal_year_end,quarterly_period,net_sales,net_sales_change,revenue,revenue_change,operating_revenue,operating_revenue_change,operating_profit,operating_profit_change,ordinary_profit,ordinary_profit_change,net_income,net_income_of_parent,net_income_change,eps,diluted_eps,roe,roa,operating_profit_to_net_sales,operating_profit_to_revenue,total_assets,net_assets,equity_ratio,bps,owner_equity,operating_cash_flow,investing_cash_flow,financing_cash_flow,cash,dividend_per_share,payout_ratio,commemorative_dividend,extra_dividend,number_of_shares,number_of_treqsury_shares,avg_number_of_shares,is_consolidated,is_forecast,duration,period_start,period_end,period_pos
2015-05-15,82910,2015-03-31,,144204000000,-0.076,,,,,4080000000,-0.365,3534000000,-0.380,5195000000,,0.108,78.34,,0.179,0.047,0.028,,77300000000,32566000000,0.408,475.73,31566000000,11015000000,-7629000000,-3187000000,8612000000,,0.051,,,,,,true,false,12,2014-04-01,2015-03-31,0
2015-05-15,82910,2014-03-31,,155988000000,0.051,,,,,6430000000,0.501,5696000000,0.584,4687000000,,0.149,70.45,,0.204,0.083,0.041,,72453000000,27442000000,0.365,399.60,26472000000,11502000000,-6224000000,-2121000000,8406000000,,0.071,,,,,,true,false,12,2013-04-01,2014-03-31,-1
2015-05-15,82910,2016-03-31,,145000000000,0.006,,,,,4100000000,0.005,3500000000,-0.010,,2500000000,,37.68,,,,,,,,,,,,,,,,,,,,,,true,true,12,2015-04-01,2016-03-31,1
2015-05-15,82910,2015-03-31,,7537000000,0.182,,,,,2231000000,1.604,1981000000,2.841,1974000000,,0.902,29.78,,,,,,50260000000,20857000000,0.415,314.34,20857000000,,,,,4.00,,,,66635063,281657,66319472,false,false,12,2014-04-01,2015-03-31,0
2015-05-15,82910,2014-03-31,,6376000000,0.355,,,,,857000000,-0.259,515000000,-0.804,1038000000,,-0.661,15.61,,,,,,48661000000,18486000000,0.380,279.06,18486000000,,,,,5.00,,,,66635063,388383,66544212,false,false,12,2013-04-01,2014-03-31,-1
2015-05-15,82910,2016-03-31,,,,,,,,,,,,,,,,,,,,,,,,,,,,,,4.00,,,,,,,false,true,12,2015-04-01,2016-03-31,1
2015-08-07,82910,2016-03-31,1,31243000000,-0.027,,,,,525000000,1.905,369000000,9.218,,127000000,,1.91,,,,,,71070000000,32462000000,0.443,,31471000000,,,,,,,,,,,,true,false,3,2015-04-01,2015-06-30,0
2015-08-07,82910,2015-03-31,1,32119000000,0.007,,,,,180000000,-0.729,36000000,-0.935,,-141000000,,-2.13,,,,,,,,,,,,,,,,,,,,,,true,false,3,2014-04-01,2014-06-30,-1
2015-08-07,82910,2016-03-31,1,145000000000,0.006,,,,,4100000000,0.005,3500000000,-0.010,,2500000000,,37.68,,,,,,,,,,,,,,,,,,,,,,true,true,12,2015-04-01,2016-03-31,0
2015-08-07,82910,2015-03-31,1,,,,,,,,,,,,,,,,,,,,77300000000,32566000000,0.408,,31566000000,,,,,,,,,,,,true,false,12,2014-04-01,2015-03-31,-1
2015-08-07,82910,2015-03-31,1,,,,,,,,,,,,,,,,,,,,,,,,,,,,,4.00,,,,66635063,281657,,false,false,12,2014-04-01,2015-03-31,-1
2015-08-07,82910,2016-03-31,1,,,,,,,,,,,,,,,,,,,,,,,,,,,,,4.00,,,,,,,false,true,12,2015-04-01,2016-03-31,0
2015-08-07,82910,2016-03-31,1,,,,,,,,,,,,,,,,,,,,,,,,,,,,,,,,,66635063,281672,66353395,false,false,3,2015-04-01,2015-06-30,0
2015-08-07,82910,2015-03-31,1,,,,,,,,,,,,,,,,,,,,,,,,,,,,,,,,,,,66246449,false,false,3,2014-04-01,2014-06-30,-1
2015-11-05,82910,2016-03-31,2,69548000000,0.007,,,,,2085000000,0.538,1763000000,0.708,,1275000000,,19.22,,,,,,73476000000,33398000000,0.441,,32406000000,,,,,,,,,,,,true,false,6,2015-04-01,2015-09-30,0
2015-11-05,82910,2015-03-31,2,69048000000,-0.022,,,,,1356000000,-0.478,1032000000,-0.554,,614000000,,9.28,,,,,,,,,,,,,,,,,,,,,,true,false,6,2014-04-01,2014-09-30,-1
2015-11-05,82910,2016-03-31,2,145000000000,0.006,,,,,4100000000,0.005,3500000000,-0.010,,2500000000,,37.68,,,,,,,,,,,,,,,,,,,,,,true,true,12,2015-04-01,2016-03-31,0
2015-11-05,82910,2015-03-31,2,,,,,,,,,,,,,,,,,,,,77300000000,32566000000,0.408,,31566000000,,,,,,,,,,,,true,false,12,2014-04-01,2015-03-31,-1
2015-11-05,82910,2015-03-31,2,,,,,,,,,,,,,,,,,,,,,,,,,,,,,4.00,,,,66635063,281657,,false,false,12,2014-04-01,2015-03-31,-1
2015-11-05,82910,2016-03-31,2,,,,,,,,,,,,,,,,,,,,,,,,,,,,,0.00,,,,,,,false,false,12,2015-04-01,2016-03-31,0
2015-11-05,82910,2016-03-31,2,,,,,,,,,,,,,,,,,,,,,,,,,,,,,4.00,,,,,,,false,true,12,2015-04-01,2016-03-31,0
2015-11-05,82910,2016-03-31,2,,,,,,,,,,,,,,,,,,,,,,,,,,,,,,,,,66635063,212672,66379268,false,false,6,2015-04-01,2015-09-30,0
2015-11-05,82910,2015-03-31,2,,,,,,,,,,,,,,,,,,,,,,,,,,,,,,,,,,,66285905,false,false,6,2014-04-01,2014-09-30,-1
2016-02-08,82910,2016-03-31,3,102067000000,0.011,,,,,2398000000,0.471,1923000000,0.620,,1276000000,,19.23,,,,,,72007000000,33240000000,0.448,,32249000000,,,,,,,,,,,,true,false,9,2015-04-01,2015-12-31,0
2016-02-08,82910,2015-03-31,3,100933000000,-0.040,,,,,1631000000,-0.554,1186000000,-0.634,,658000000,,9.93,,,,,,,,,,,,,,,,,,,,,,true,false,9,2014-04-01,2014-12-31,-1
2016-02-08,82910,2016-03-31,3,145000000000,0.006,,,,,4100000000,0.005,3500000000,-0.010,,2500000000,,37.68,,,,,,,,,,,,,,,,,,,,,,true,true,12,2015-04-01,2016-03-31,0
2016-02-08,82910,2015-03-31,3,,,,,,,,,,,,,,,,,,,,77300000000,32566000000,0.408,,31566000000,,,,,,,,,,,,true,false,12,2014-04-01,2015-03-31,-1
2016-02-08,82910,2015-03-31,3,,,,,,,,,,,,,,,,,,,,,,,,,,,,,4.00,,,,66635063,281657,,false,false,12,2014-04-01,2015-03-31,-1
2016-02-08,82910,2016-03-31,3,,,,,,,,,,,,,,,,,,,,,,,,,,,,,0.00,,,,,,,false,false,12,2015-04-01,2016-03-31,0
2016-02-08,82910,2016-03-31,3,,,,,,,,,,,,,,,,,,,,,,,,,,,,,4.00,,,,,,,false,true,12,2015-04-01,2016-03-31,0
2016-02-08,82910,2016-03-31,3,,,,,,,,,,,,,,,,,,,,,,,,,,,,,,,,,66635063,389328,66366123,false,false,9,2015-04-01,2015-12-31,0
2016-02-08,82910,2015-03-31,3,,,,,,,,,,,,,,,,,,,,,,,,,,,,,,,,,,,66308406,false,false,9,2014-04-01,2014-12-31,-1
2016-05-13,82910,2016-03-31,,145807000000,0.011,,,,,4219000000,0.034,3602000000,0.019,,3392000000,,51.14,,0.107,0.047,0.029,,75388000000,32718000000,0.420,478.20,31678000000,8959000000,-9424000000,-2437000000,5330000000,,0.137,,,,,,true,false,12,2015-04-01,2016-03-31,0
2016-05-13,82910,2015-03-31,,144204000000,-0.076,,,,,4080000000,-0.365,3534000000,-0.380,,5195000000,,78.34,,0.179,0.047,0.028,,77300000000,32566000000,0.408,475.73,31566000000,11015000000,-7629000000,-3187000000,8612000000,,0.051,,,,,,true,false,12,2014-04-01,2015-03-31,-1
2016-05-13,82910,2017-03-31,,136000000000,-0.067,,,,,3500000000,-0.171,3000000000,-0.167,,2000000000,,30.19,,,,,,,,,,,,,,,,0.232,,,,,,true,true,12,2016-04-01,2017-03-31,1
2016-05-13,82910,2016-03-31,,6874000000,-0.088,,,,,1328000000,-0.405,982000000,-0.504,2177000000,,0.103,32.83,,,,,,48439000000,22486000000,0.464,339.44,22486000000,,,,,7.00,,,,66635063,389378,66336260,false,false,12,2015-04-01,2016-03-31,0
2016-05-13,82910,2015-03-31,,7537000000,0.182,,,,,2231000000,1.604,1981000000,2.841,1974000000,,0.902,29.78,,,,,,50260000000,20857000000,0.415,314.34,20857000000,,,,,4.00,,,,66635063,281657,66319472,false,false,12,2014-04-01,2015-03-31,-1
2016-05-13,82910,2017-03-31,,,,,,,,,,,,,,,,,,,,,,,,,,,,,,7.00,,,,,,,false,true,12,2016-04-01,2017-03-31,1
2016-08-08,82910,2017-03-31,1,30244000000,-0.032,,,,,374000000,-0.288,256000000,-0.304,,153000000,,2.32,,,,,,70581000000,32262000000,0.442,,31216000000,,,,,,,,,,,,true,false,3,2016-04-01,2016-06-30,0
2016-08-08,82910,2016-03-31,1,31243000000,-0.027,,,,,525000000,1.905,369000000,9.218,,127000000,,1.91,,,,,,,,,,,,,,,,,,,,,,true,false,3,2015-04-01,2015-06-30,-1
2016-08-08,82910,2017-03-31,1,136000000000,-0.067,,,,,3500000000,-0.171,3000000000,-0.167,,2000000000,,30.19,,,,,,,,,,,,,,,,,,,,,,true,true,12,2016-04-01,2017-03-31,0
2016-08-08,82910,2016-03-31,1,,,,,,,,,,,,,,,,,,,,75388000000,32718000000,0.420,,31678000000,,,,,,,,,,,,true,false,12,2015-04-01,2016-03-31,-1
2016-08-08,82910,2016-03-31,1,,,,,,,,,,,,,,,,,,,,,,,,,,,,,7.00,,,,66635063,389378,,false,false,12,2015-04-01,2016-03-31,-1
2016-08-08,82910,2017-03-31,1,,,,,,,,,,,,,,,,,,,,,,,,,,,,,7.00,,,,,,,false,true,12,2016-04-01,2017-03-31,0
2016-08-08,82910,2017-03-31,1,,,,,,,,,,,,,,,,,,,,,,,,,,,,,,,,,66635063,389378,66245685,false,false,3,2016-04-01,2016-06-30,0
2016-08-08,82910,2016-03-31,1,,,,,,,,,,,,,,,,,,,,,,,,,,,,,,,,,,,66353395,false,false,3,2015-04-01,2015-06-30,-1
2016-11-07,82910,2017-03-31,2,62973000000,-0.095,,,,,1591000000,-0.237,1297000000,-0.264,,1008000000,,15.22,,,,,,74530000000,33217000000,0.431,,32143000000,,,,,,,,,,,,true,false,6,2016-04-01,2016-09-30,0
2016-11-07,82910,2016-03-31,2,69548000000,0.007,,,,,2085000000,0.538,1763000000,0.708,,1275000000,,19.22,,,,,,,,,,,,,,,,,,,,,,true,false,6,2015-04-01,2015-09-30,-1
2016-11-07,82910,2017-03-31,2,140000000000,-0.040,,,,,4500000000,0.066,4000000000,0.110,,3500000000,,52.78,,,,,,,,,,,,,,,,,,,,,,true,true,12,2016-04-01,2017-03-31,0
2016-11-07,82910,2016-03-31,2,,,,,,,,,,,,,,,,,,,,75388000000,32718000000,0.420,,31678000000,,,,,,,,,,,,true,false,12,2015-04-01,2016-03-31,-1
2016-11-07,82910,2016-03-31,2,,,,,,,,,,,,,,,,,,,,,,,,,,,,,7.00,,,,66635063,389378,,false,false,12,2015-04-01,2016-03-31,-1
2016-11-07,82910,2017-03-31,2,,,,,,,,,,,,,,,,,,,,,,,,,,,,,0.00,,,,,,,false,false,12,2016-04-01,2017-03-31,0
2016-11-07,82910,2017-03-31,2,,,,,,,,,,,,,,,,,,,,,,,,,,,,,7.00,,,,,,,false,true,12,2016-04-01,2017-03-31,0
2016-11-07,82910,2017-03-31,2,,,,,,,,,,,,,,,,,,,,,,,,,,,,,,,,,66635063,319799,66271404,false,false,6,2016-04-01,2016-09-30,0
2016-11-07,82910,2016-03-31,2,,,,,,,,,,,,,,,,,,,,,,,,,,,,,,,,,,,66379268,false,false,6,2015-04-01,2015-09-30,-1
2017-02-06,82910,2017-03-31,3,100036000000,-0.020,,,,,2782000000,0.160,2381000000,0.238,,1751000000,,26.43,,,,,,75345000000,34190000000,0.439,,33093000000,,,,,,,,,,,,true,false,9,2016-04-01,2016-12-31,0
2017-02-06,82910,2016-03-31,3,102067000000,0.011,,,,,2398000000,0.471,1923000000,0.620,,1276000000,,19.23,,,,,,,,,,,,,,,,,,,,,,true,false,9,2015-04-01,2015-12-31,-1
2017-02-06,82910,2017-03-31,3,140000000000,-0.040,,,,,4500000000,0.066,4000000000,0.110,,3500000000,,52.78,,,,,,,,,,,,,,,,,,,,,,true,true,12,2016-04-01,2017-03-31,0
2017-02-06,82910,2016-03-31,3,,,,,,,,,,,,,,,,,,,,75388000000,32718000000,0.420,,31678000000,,,,,,,,,,,,true,false,12,2015-04-01,2016-03-31,-1
2017-02-06,82910,2016-03-31,3,,,,,,,,,,,,,,,,,,,,,,,,,,,,,7.00,,,,66635063,389378,,false,false,12,2015-04-01,2016-03-31,-1
2017-02-06,82910,2017-03-31,3,,,,,,,,,,,,,,,,,,,,,,,,,,,,,0.00,,,,,,,false,false,12,2016-04-01,2017-03-31,0
2017-02-06,82910,2017-03-31,3,,,,,,,,,,,,,,,,,,,,,,,,,,,,,7.00,,,,,,,false,true,12,2016-04-01,2017-03-31,0
2017-02-06,82910,2017-03-31,3,,,,,,,,,,,,,,,,,,,,,,,,,,,,,,,,,66635063,389399,66274676,false,false,9,2016-04-01,2016-12-31,0
2017-02-06,82910,2016-03-31,3,,,,,,,,,,,,,,,,,,,,,,,,,,,,,,,,,,,66366123,false,false,9,2015-04-01,2015-12-31,-1
2017-05-11,82910,2017-03-31,,149525000000,0.025,,,,,5029000000,0.192,4475000000,0.243,,3990000000,,60.22,,0.117,0.056,0.034,,84293000000,37648000000,0.433,551.16,36512000000,11774000000,-7897000000,-31000000,9175000000,,0.133,,,,,,true,false,12,2016-04-01,2017-03-31,0
2017-05-11,82910,2016-03-31,,145807000000,0.011,,,,,4219000000,0.034,3602000000,0.019,,3392000000,,51.14,,0.107,0.047,0.029,,75388000000,32718000000,0.420,478.20,31678000000,8959000000,-9424000000,-2437000000,5330000000,,0.137,,,,,,true,false,12,2015-04-01,2016-03-31,-1
2017-05-11,82910,2018-03-31,,150000000000,0.003,,,,,5100000000,0.014,4600000000,0.028,,3300000000,,49.81,,,,,,,,,,,,,,,,0.161,,,,,,true,true,12,2017-04-01,2018-03-31,1
2017-05-11,82910,2017-03-31,,7144000000,0.039,,,,,1348000000,0.015,1102000000,0.122,1121000000,,-0.485,16.92,,,,,,52498000000,23792000000,0.453,359.16,23792000000,,,,,8.00,,,,66635063,389399,66267542,false,false,12,2016-04-01,2017-03-31,0
2017-05-11,82910,2016-03-31,,6874000000,-0.088,,,,,1328000000,-0.405,982000000,-0.504,2177000000,,0.103,32.83,,,,,,48439000000,22486000000,0.464,339.44,22486000000,,,,,7.00,,,,66635063,389378,66336260,false,false,12,2015-04-01,2016-03-31,-1
2017-05-11,82910,2018-03-31,,,,,,,,,,,,,,,,,,,,,,,,,,,,,,8.00,,,,,,,false,true,12,2017-04-01,2018-03-31,1
2017-08-04,82910,2018-03-31,1,34323000000,0.135,,,,,302000000,-0.190,170000000,-0.337,,-12000000,,-0.19,,,,,,77680000000,37449000000,0.467,,36314000000,,,,,,,,,,,,true,false,3,2017-04-01,2017-06-30,0
2017-08-04,82910,2017-03-31,1,30244000000,-0.032,,,,,374000000,-0.288,256000000,-0.304,,153000000,,2.32,,,,,,,,,,,,,,,,,,,,,,true,false,3,2016-04-01,2016-06-30,-1
2017-08-04,82910,2018-03-31,1,150000000000,0.003,,,,,5100000000,0.014,4600000000,0.028,,3300000000,,49.81,,,,,,,,,,,,,,,,,,,,,,true,true,12,2017-04-01,2018-03-31,0
2017-08-04,82910,2017-03-31,1,,,,,,,,,,,,,,,,,,,,84293000000,37648000000,0.433,,36512000000,,,,,,,,,,,,true,false,12,2016-04-01,2017-03-31,-1
2017-08-04,82910,2017-03-31,1,,,,,,,,,,,,,,,,,,,,,,,,,,,,,8.00,,,,66635063,389399,,false,false,12,2016-04-01,2017-03-31,-1
2017-08-04,82910,2018-03-31,1,,,,,,,,,,,,,,,,,,,,,,,,,,,,,8.00,,,,,,,false,true,12,2017-04-01,2018-03-31,0
2017-08-04,82910,2018-03-31,1,,,,,,,,,,,,,,,,,,,,,,,,,,,,,,,,,66635063,389469,66245662,false,false,3,2017-04-01,2017-06-30,0
2017-08-04,82910,2017-03-31,1,,,,,,,,,,,,,,,,,,,,,,,,,,,,,,,,,,,66245685,false,false,3,2016-04-01,2016-06-30,-1
2017-11-02,82910,2018-03-31,2,73565000000,0.168,,,,,1764000000,0.108,1462000000,0.126,,832000000,,12.57,,,,,,81179000000,38651000000,0.461,,37461000000,,,,,,,,,,,,true,false,6,2017-04-01,2017-09-30,0
2017-11-02,82910,2017-03-31,2,62973000000,-0.095,,,,,1591000000,-0.237,1297000000,-0.264,,1008000000,,15.22,,,,,,,,,,,,,,,,,,,,,,true,false,6,2016-04-01,2016-09-30,-1
2017-11-02,82910,2018-03-31,2,150000000000,0.003,,,,,5100000000,0.014,4600000000,0.028,,3300000000,,49.76,,,,,,,,,,,,,,,,,,,,,,true,true,12,2017-04-01,2018-03-31,0
2017-11-02,82910,2017-03-31,2,,,,,,,,,,,,,,,,,,,,84293000000,37648000000,0.433,,36512000000,,,,,,,,,,,,true,false,12,2016-04-01,2017-03-31,-1
2017-11-02,82910,2017-03-31,2,,,,,,,,,,,,,,,,,,,,,,,,,,,,,8.00,,,,66635063,389399,,false,false,12,2016-04-01,2017-03-31,-1
2017-11-02,82910,2018-03-31,2,,,,,,,,,,,,,,,,,,,,,,,,,,,,,0.00,,,,,,,false,false,12,2017-04-01,2018-03-31,0
2017-11-02,82910,2018-03-31,2,,,,,,,,,,,,,,,,,,,,,,,,,,,,,8.00,,,,,,,false,true,12,2017-04-01,2018-03-31,0
2017-11-02,82910,2018-03-31,2,,,,,,,,,,,,,,,,,,,,,,,,,,,,,,,,,66635063,315887,66272826,false,false,6,2017-04-01,2017-09-30,0
2017-11-02,82910,2017-03-31,2,,,,,,,,,,,,,,,,,,,,,,,,,,,,,,,,,,,66271404,false,false,6,2016-04-01,2016-09-30,-1
2018-02-02,82910,2018-03-31,3,105394000000,0.054,,,,,2481000000,-0.108,2030000000,-0.147,,1132000000,,17.08,,,,,,82501000000,38933000000,0.457,,37704000000,,,,,,,,,,,,true,false,9,2017-04-01,2017-12-31,0
2018-02-02,82910,2017-03-31,3,100036000000,-0.020,,,,,2782000000,0.160,2381000000,0.238,,1751000000,,26.43,,,,,,,,,,,,,,,,,,,,,,true,false,9,2016-04-01,2016-12-31,-1
2018-02-02,82910,2018-03-31,3,150000000000,0.003,,,,,5100000000,0.014,4600000000,0.028,,3300000000,,49.76,,,,,,,,,,,,,,,,,,,,,,true,true,12,2017-04-01,2018-03-31,0
2018-02-02,82910,2017-03-31,3,,,,,,,,,,,,,,,,,,,,84293000000,37648000000,0.433,,36512000000,,,,,,,,,,,,true,false,12,2016-04-01,2017-03-31,-1
2018-02-02,82910,2017-03-31,3,,,,,,,,,,,,,,,,,,,,,,,,,,,,,8.00,,,,66635063,389399,,false,false,12,2016-04-01,2017-03-31,-1
2018-02-02,82910,2018-03-31,3,,,,,,,,,,,,,,,,,,,,,,,,,,,,,0.00,,,,,,,false,false,12,2017-04-01,2018-03-31,0
2018-02-02,82910,2018-03-31,3,,,,,,,,,,,,,,,,,,,,,,,,,,,,,8.00,,,,,,,false,true,12,2017-04-01,2018-03-31,0
2018-02-02,82910,2018-03-31,3,,,,,,,,,,,,,,,,,,,,,,,,,,,,,,,,,66635063,315975,66288248,false,false,9,2017-04-01,2017-12-31,0
2018-02-02,82910,2017-03-31,3,,,,,,,,,,,,,,,,,,,,,,,,,,,,,,,,,,,66274676,false,false,9,2016-04-01,2016-12-31,-1
2018-05-11,82910,2018-03-31,,152023000000,0.017,,,,,4616000000,-0.082,4061000000,-0.093,,2187000000,,33.00,,0.058,0.047,0.030,,87494000000,39983000000,0.442,583.66,38707000000,12506000000,-11677000000,228000000,10233000000,,0.242,,,,,,true,false,12,2017-04-01,2018-03-31,0
2018-05-11,82910,2017-03-31,,149525000000,0.025,,,,,5029000000,0.192,4475000000,0.243,,3990000000,,60.22,,0.117,0.056,0.034,,84293000000,37648000000,0.433,551.16,36512000000,11774000000,-7897000000,-31000000,9175000000,,0.133,,,,,,true,false,12,2016-04-01,2017-03-31,-1
2018-05-11,82910,2019-03-31,,153000000000,0.006,,,,,4700000000,0.018,4100000000,0.010,,2400000000,,36.19,,,,,,,,,,,,,,,,0.221,,,,,,true,true,12,2018-04-01,2019-03-31,1
2018-05-11,82910,2018-03-31,,8002000000,0.120,,,,,2127000000,0.578,1995000000,0.810,2070000000,,0.846,31.23,,,,,,54598000000,25750000000,0.472,388.28,25750000000,,,,,8.00,,,,66635063,315975,66295831,false,false,12,2017-04-01,2018-03-31,0
2018-05-11,82910,2017-03-31,,7144000000,0.039,,,,,1348000000,0.015,1102000000,0.122,1121000000,,-0.485,16.92,,,,,,52498000000,23792000000,0.453,359.16,23792000000,,,,,8.00,,,,66635063,389399,66267542,false,false,12,2016-04-01,2017-03-31,-1
2018-05-11,82910,2019-03-31,,,,,,,,,,,,,,,,,,,,,,,,,,,,,,8.00,,,,,,,false,true,12,2018-04-01,2019-03-31,1
2018-08-02,82910,2019-03-31,1,35481000000,0.034,,,,,738000000,1.438,618000000,2.635,,492000000,,7.43,,,,,,80315000000,40160000000,0.485,,38927000000,,,,,,,,,,,,true,false,3,2018-04-01,2018-06-30,0
2018-08-02,82910,2018-03-31,1,34323000000,0.135,,,,,302000000,-0.190,170000000,-0.337,,-12000000,,-0.19,,,,,,,,,,,,,,,,,,,,,,true,false,3,2017-04-01,2017-06-30,-1
2018-08-02,82910,2019-03-31,1,153000000000,0.006,,,,,4700000000,0.018,4100000000,0.010,,2400000000,,36.19,,,,,,,,,,,,,,,,,,,,,,true,true,12,2018-04-01,2019-03-31,0
2018-08-02,82910,2018-03-31,1,,,,,,,,,,,,,,,,,,,,87494000000,39983000000,0.442,,38707000000,,,,,,,,,,,,true,false,12,2017-04-01,2018-03-31,-1
2018-08-02,82910,2018-03-31,1,,,,,,,,,,,,,,,,,,,,,,,,,,,,,8.00,,,,66635063,315975,,false,false,12,2017-04-01,2018-03-31,-1
2018-08-02,82910,2019-03-31,1,,,,,,,,,,,,,,,,,,,,,,,,,,,,,8.00,,,,,,,false,true,12,2018-04-01,2019-03-31,0
2018-08-02,82910,2019-03-31,1,,,,,,,,,,,,,,,,,,,,,,,,,,,,,,,,,66635063,315975,66319088,false,false,3,2018-04-01,2018-06-30,0
2018-08-02,82910,2018-03-31,1,,,,,,,,,,,,,,,,,,,,,,,,,,,,,,,,,,,66245662,false,false,3,2017-04-01,2017-06-30,-1
2018-11-05,82910,2019-03-31,2,74872000000,0.018,,,,,2092000000,0.186,1856000000,0.270,,1344000000,,20.27,,,,,,83118000000,40730000000,0.474,,39433000000,,,,,,,,,,,,true,false,6,2018-04-01,2018-09-30,0
2018-11-05,82910,2018-03-31,2,73565000000,0.168,,,,,1764000000,0.108,1462000000,0.126,,832000000,,12.57,,,,,,,,,,,,,,,,,,,,,,true,false,6,2017-04-01,2017-09-30,-1
2018-11-05,82910,2019-03-31,2,153000000000,0.006,,,,,4700000000,0.018,4100000000,0.010,,2400000000,,36.15,,,,,,,,,,,,,,,,,,,,,,true,true,12,2018-04-01,2019-03-31,0
2018-11-05,82910,2018-03-31,2,,,,,,,,,,,,,,,,,,,,87494000000,39983000000,0.442,,38707000000,,,,,,,,,,,,true,false,12,2017-04-01,2018-03-31,-1
2018-11-05,82910,2018-03-31,2,,,,,,,,,,,,,,,,,,,,,,,,,,,,,8.00,,,,66635063,315975,,false,false,12,2017-04-01,2018-03-31,-1
2018-11-05,82910,2019-03-31,2,,,,,,,,,,,,,,,,,,,,,,,,,,,,,0.00,,,,,,,false,false,12,2018-04-01,2019-03-31,0
2018-11-05,82910,2019-03-31,2,,,,,,,,,,,,,,,,,,,,,,,,,,,,,8.00,,,,,,,false,true,12,2018-04-01,2019-03-31,0
2018-11-05,82910,2019-03-31,2,,,,,,,,,,,,,,,,,,,,,,,,,,,,,,,,,66635063,239155,66347226,false,false,6,2018-04-01,2018-09-30,0
2018-11-05,82910,2018-03-31,2,,,,,,,,,,,,,,,,,,,,,,,,,,,,,,,,,,,66272826,false,false,6,2017-04-01,2017-09-30,-1
2019-02-04,82910,2019-03-31,3,111541000000,0.058,,,,,2701000000,0.089,2372000000,0.168,,1549000000,,23.36,,,,,,78315000000,40647000000,0.502,,39328000000,,,,,,,,,,,,true,false,9,2018-04-01,2018-12-31,0
2019-02-04,82910,2018-03-31,3,105394000000,0.054,,,,,2481000000,-0.108,2030000000,-0.147,,1132000000,,17.08,,,,,,,,,,,,,,,,,,,,,,true,false,9,2017-04-01,2017-12-31,-1
2019-02-04,82910,2019-03-31,3,153000000000,0.006,,,,,4700000000,0.018,4100000000,0.010,,2400000000,,36.15,,,,,,,,,,,,,,,,,,,,,,true,true,12,2018-04-01,2019-03-31,0
2019-02-04,82910,2018-03-31,3,,,,,,,,,,,,,,,,,,,,87494000000,39983000000,0.442,,38707000000,,,,,,,,,,,,true,false,12,2017-04-01,2018-03-31,-1
2019-02-04,82910,2018-03-31,3,,,,,,,,,,,,,,,,,,,,,,,,,,,,,8.00,,,,66635063,315975,,false,false,12,2017-04-01,2018-03-31,-1
2019-02-04,82910,2019-03-31,3,,,,,,,,,,,,,,,,,,,,,,,,,,,,,0.00,,,,,,,false,false,12,2018-04-01,2019-03-31,0
2019-02-04,82910,2019-03-31,3,,,,,,,,,,,,,,,,,,,,,,,,,,,,,8.00,,,,,,,false,true,12,2018-04-01,2019-03-31,0
2019-02-04,82910,2019-03-31,3,,,,,,,,,,,,,,,,,,,,,,,,,,,,,,,,,66635063,239155,66363454,false,false,9,2018-04-01,2018-12-31,0
2019-02-04,82910,2018-03-31,3,,,,,,,,,,,,,,,,,,,,,,,,,,,,,,,,,,,66288248,false,false,9,2017-04-01,2017-12-31,-1
2019-05-13,82910,2019-03-31,,155801000000,0.025,,,,,4721000000,0.023,4292000000,0.057,,2728000000,,41.12,,0.069,0.049,0.030,,88514000000,41418000000,0.452,603.00,40036000000,12466000000,-13541000000,1020000000,10179000000,,0.195,,,,,,true,false,12,2018-04-01,2019-03-31,0
2019-05-13,82910,2018-03-31,,152023000000,0.017,,,,,4616000000,-0.082,4061000000,-0.093,,2187000000,,33.00,,0.058,0.047,0.030,,87494000000,39983000000,0.442,583.66,38707000000,12506000000,-11677000000,228000000,10233000000,,0.242,,,,,,true,false,12,2017-04-01,2018-03-31,-1
2019-05-13,82910,2020-03-31,,156000000000,0.001,,,,,4800000000,0.017,4400000000,0.025,,2500000000,,37.65,,,,,,,,,,,,,,,,0.212,,,,,,true,true,12,2019-04-01,2020-03-31,1
2019-05-13,82910,2019-03-31,,7408000000,-0.074,,,,,1602000000,-0.247,1532000000,-0.232,1721000000,,-0.169,25.94,,,,,,56179000000,26013000000,0.463,391.79,26013000000,,,,,8.00,,,,66635063,239155,66371434,false,false,12,2018-04-01,2019-03-31,0
2019-05-13,82910,2018-03-31,,8002000000,0.120,,,,,2127000000,0.578,1995000000,0.810,2070000000,,0.846,31.23,,,,,,54598000000,25750000000,0.472,388.28,25750000000,,,,,8.00,,,,66635063,315975,66295831,false,false,12,2017-04-01,2018-03-31,-1
2019-05-13,82910,2020-03-31,,,,,,,,,,,,,,,,,,,,,,,,,,,,,,8.00,,,,,,,false,true,12,2019-04-01,2020-03-31,1
2019-08-02,82910,2020-03-31,1,34317000000,-0.033,,,,,664000000,-0.100,627000000,0.013,,401000000,,6.04,,,,,,81293000000,41323000000,0.492,,39971000000,,,,,,,,,,,,true,false,3,2019-04-01,2019-06-30,0
2019-08-02,82910,2019-03-31,1,35481000000,0.034,,,,,738000000,1.438,618000000,2.635,,492000000,,7.43,,,,,,,,,,,,,,,,,,,,,,true,false,3,2018-04-01,2018-06-30,-1
2019-08-02,82910,2020-03-31,1,156000000000,0.001,,,,,4800000000,0.017,4400000000,0.025,,2500000000,,37.65,,,,,,,,,,,,,,,,,,,,,,true,true,12,2019-04-01,2020-03-31,0
2019-08-02,82910,2019-03-31,1,,,,,,,,,,,,,,,,,,,,88514000000,41418000000,0.452,,40036000000,,,,,,,,,,,,true,false,12,2018-04-01,2019-03-31,-1
2019-08-02,82910,2019-03-31,1,,,,,,,,,,,,,,,,,,,,,,,,,,,,,8.00,,,,66635063,239155,,false,false,12,2018-04-01,2019-03-31,-1
2019-08-02,82910,2020-03-31,1,,,,,,,,,,,,,,,,,,,,,,,,,,,,,8.00,,,,,,,false,true,12,2019-04-01,2020-03-31,0
2019-08-02,82910,2020-03-31,1,,,,,,,,,,,,,,,,,,,,,,,,,,,,,,,,,66635063,239155,66395908,false,false,3,2019-04-01,2019-06-30,0
2019-08-02,82910,2019-03-31,1,,,,,,,,,,,,,,,,,,,,,,,,,,,,,,,,,,,66319088,false,false,3,2018-04-01,2018-06-30,-1
2019-11-08,82910,2020-03-31,2,76274000000,0.019,,,,,2355000000,0.126,2194000000,0.182,,1388000000,,20.91,,,,,,87332000000,42634000000,0.470,,41035000000,,,,,,,,,,,,true,false,6,2019-04-01,2019-09-30,0
2019-11-08,82910,2019-03-31,2,74872000000,0.018,,,,,2092000000,0.186,1856000000,0.270,,1344000000,,20.27,,,,,,,,,,,,,,,,,,,,,,true,false,6,2018-04-01,2018-09-30,-1
2019-11-08,82910,2020-03-31,2,156000000000,0.001,,,,,4800000000,0.017,4400000000,0.025,,2500000000,,37.78,,,,,,,,,,,,,,,,,,,,,,true,true,12,2019-04-01,2020-03-31,0
2019-11-08,82910,2019-03-31,2,,,,,,,,,,,,,,,,,,,,88514000000,41418000000,0.452,,40036000000,,,,,,,,,,,,true,false,12,2018-04-01,2019-03-31,-1
2019-11-08,82910,2019-03-31,2,,,,,,,,,,,,,,,,,,,,,,,,,,,,,8.00,,,,66635063,239155,,false,false,12,2018-04-01,2019-03-31,-1
2019-11-08,82910,2020-03-31,2,,,,,,,,,,,,,,,,,,,,,,,,,,,,,0.00,,,,,,,false,false,12,2019-04-01,2020-03-31,0
2019-11-08,82910,2020-03-31,2,,,,,,,,,,,,,,,,,,,,,,,,,,,,,8.00,,,,,,,false,true,12,2019-04-01,2020-03-31,0
2019-11-08,82910,2020-03-31,2,,,,,,,,,,,,,,,,,,,,,,,,,,,,,,,,,66635063,455655,66391586,false,false,6,2019-04-01,2019-09-30,0
2019-11-08,82910,2019-03-31,2,,,,,,,,,,,,,,,,,,,,,,,,,,,,,,,,,,,66347226,false,false,6,2018-04-01,2018-09-30,-1
2020-02-07,82910,2020-03-31,3,109727000000,-0.016,,,,,2491000000,-0.078,2252000000,-0.051,,1318000000,,19.89,,,,,,82253000000,43117000000,0.504,,41477000000,,,,,,,,,,,,true,false,9,2019-04-01,2019-12-31,0
2020-02-07,82910,2019-03-31,3,111541000000,0.058,,,,,2701000000,0.089,2372000000,0.168,,1549000000,,23.36,,,,,,,,,,,,,,,,,,,,,,true,false,9,2018-04-01,2018-12-31,-1
2020-02-07,82910,2020-03-31,3,156000000000,0.001,,,,,4800000000,0.017,4400000000,0.025,,2500000000,,37.78,,,,,,,,,,,,,,,,,,,,,,true,true,12,2019-04-01,2020-03-31,0
2020-02-07,82910,2019-03-31,3,,,,,,,,,,,,,,,,,,,,88514000000,41418000000,0.452,,40036000000,,,,,,,,,,,,true,false,12,2018-04-01,2019-03-31,-1
2020-02-07,82910,2019-03-31,3,,,,,,,,,,,,,,,,,,,,,,,,,,,,,8.00,,,,66635063,239155,,false,false,12,2018-04-01,2019-03-31,-1
2020-02-07,82910,2020-03-31,3,,,,,,,,,,,,,,,,,,,,,,,,,,,,,0.00,,,,,,,false,false,12,2019-04-01,2020-03-31,0
2020-02-07,82910,2020-03-31,3,,,,,,,,,,,,,,,,,,,,,,,,,,,,,8.00,,,,,,,false,true,12,2019-04-01,2020-03-31,0
2020-02-07,82910,2020-03-31,3,,,,,,,,,,,,,,,,,,,,,,,,,,,,,,,,,66635063,455737,66320856,false,false,9,2019-04-01,2019-12-31,0
2020-02-07,82910,2019-03-31,3,,,,,,,,,,,,,,,,,,,,,,,,,,,,,,,,,,,66363454,false,false,9,2018-04-01,2018-12-31,-1
2020-05-14,82910,2020-03-31,,153147000000,-0.017,,,,,4350000000,-0.079,4024000000,-0.062,,2246000000,,33.89,,0.055,0.046,0.028,,85840000000,42727000000,0.478,619.80,41018000000,11345000000,-9971000000,-3405000000,8147000000,,0.118,,,,,,true,false,12,2019-04-01,2020-03-31,0
2020-05-14,82910,2019-03-31,,155801000000,0.025,,,,,4721000000,0.023,4292000000,0.057,,2728000000,,41.12,,0.069,0.049,0.030,,88514000000,41418000000,0.452,603.00,40036000000,12466000000,-13541000000,1020000000,10179000000,,0.195,,,,,,true,false,12,2018-04-01,2019-03-31,-1
2020-05-14,82910,2020-03-31,,7126000000,-0.038,,,,,1188000000,-0.258,1193000000,-0.221,1149000000,,-0.332,17.35,,,,,,57030000000,26517000000,0.465,400.69,26517000000,,,,,4.00,,,,66635063,455737,66285762,false,false,12,2019-04-01,2020-03-31,0
2020-05-14,82910,2019-03-31,,7408000000,-0.074,,,,,1602000000,-0.247,1532000000,-0.232,1721000000,,-0.169,25.94,,,,,,56179000000,26013000000,0.463,391.79,26013000000,,,,,8.00,,,,66635063,239155,66371434,false,false,12,2018-04-01,2019-03-31,-1
2020-08-07,82910,2021-03-31,1,25500000000,-0.257,,,,,-1099000000,,-1156000000,,,-982000000,,-14.85,,,,,,87786000000,41735000000,0.456,,40073000000,,,,,,,,,,,,true,false,3,2020-04-01,2020-06-30,0
2020-08-07,82910,2020-03-31,1,34317000000,-0.033,,,,,664000000,-0.100,627000000,0.013,,401000000,,6.04,,,,,,,,,,,,,,,,,,,,,,true,false,3,2019-04-01,2019-06-30,-1
2020-08-07,82910,2020-03-31,1,,,,,,,,,,,,,,,,,,,,85840000000,42727000000,0.478,,41018000000,,,,,,,,,,,,true,false,12,2019-04-01,2020-03-31,-1
2020-08-07,82910,2020-03-31,1,,,,,,,,,,,,,,,,,,,,,,,,,,,,,4.00,,,,66635063,455737,,false,false,12,2019-04-01,2020-03-31,-1
2020-08-07,82910,2021-03-31,1,,,,,,,,,,,,,,,,,,,,,,,,,,,,,,,,,66635063,455737,66179326,false,false,3,2020-04-01,2020-06-30,0
2020-08-07,82910,2020-03-31,1,,,,,,,,,,,,,,,,,,,,,,,,,,,,,,,,,,,66395908,false,false,3,2019-04-01,2019-06-30,-1
2020-11-06,82910,2021-03-31,2,62946000000,-0.175,,,,,251000000,-0.893,83000000,-0.962,,4000000,,0.06,,,,,,90659000000,42924000000,0.455,,41223000000,,,,,,,,,,,,true,false,6,2020-04-01,2020-09-30,0
2020-11-06,82910,2020-03-31,2,76274000000,0.019,,,,,2355000000,0.126,2194000000,0.182,,1388000000,,20.91,,,,,,,,,,,,,,,,,,,,,,true,false,6,2019-04-01,2019-09-30,-1
2020-11-06,82910,2021-03-31,2,130000000000,-0.151,,,,,1800000000,-0.586,1400000000,-0.652,,200000000,,3.02,,,,,,,,,,,,,,,,,,,,,,true,true,12,2020-04-01,2021-03-31,0
2020-11-06,82910,2020-03-31,2,,,,,,,,,,,,,,,,,,,,85840000000,42727000000,0.478,,41018000000,,,,,,,,,,,,true,false,12,2019-04-01,2020-03-31,-1
2020-11-06,82910,2020-03-31,2,,,,,,,,,,,,,,,,,,,,,,,,,,,,,4.00,,,,66635063,455737,,false,false,12,2019-04-01,2020-03-31,-1
2020-11-06,82910,2021-03-31,2,,,,,,,,,,,,,,,,,,,,,,,,,,,,,0.00,,,,,,,false,false,12,2020-04-01,2021-03-31,0
2020-11-06,82910,2021-03-31,2,,,,,,,,,,,,,,,,,,,,,,,,,,,,,4.00,,,,,,,false,true,12,2020-04-01,2021-03-31,0
2020-11-06,82910,2021-03-31,2,,,,,,,,,,,,,,,,,,,,,,,,,,,,,,,,,66635063,366337,66197034,false,false,6,2020-04-01,2020-09-30,0
2020-11-06,82910,2020-03-31,2,,,,,,,,,,,,,,,,,,,,,,,,,,,,,,,,,,,66391586,false,false,6,2019-04-01,2019-09-30,-1
2021-02-05,82910,2021-03-31,3,96701000000,-0.119,,,,,918000000,-0.631,676000000,-0.700,,313000000,,4.73,,,,,,90309000000,43305000000,0.460,,41559000000,,,,,,,,,,,,true,false,9,2020-04-01,2020-12-31,0
2021-02-05,82910,2020-03-31,3,109727000000,-0.016,,,,,2491000000,-0.078,2252000000,-0.051,,1318000000,,19.89,,,,,,,,,,,,,,,,,,,,,,true,false,9,2019-04-01,2019-12-31,-1
2021-02-05,82910,2021-03-31,3,130000000000,-0.151,,,,,1800000000,-0.586,1400000000,-0.652,,200000000,,3.02,,,,,,,,,,,,,,,,,,,,,,true,true,12,2020-04-01,2021-03-31,0
2021-02-05,82910,2020-03-31,3,,,,,,,,,,,,,,,,,,,,85840000000,42727000000,0.478,,41018000000,,,,,,,,,,,,true,false,12,2019-04-01,2020-03-31,-1
2021-02-05,82910,2020-03-31,3,,,,,,,,,,,,,,,,,,,,,,,,,,,,,4.00,,,,66635063,455737,,false,false,12,2019-04-01,2020-03-31,-1
2021-02-05,82910,2021-03-31,3,,,,,,,,,,,,,,,,,,,,,,,,,,,,,0.00,,,,,,,false,false,12,2020-04-01,2021-03-31,0
2021-02-05,82910,2021-03-31,3,,,,,,,,,,,,,,,,,,,,,,,,,,,,,4.00,,,,,,,false,true,12,2020-04-01,2021-03-31,0
2021-02-05,82910,2021-03-31,3,,,,,,,,,,,,,,,,,,,,,,,,,,,,,,,,,66635063,366174,66220948,false,false,9,2020-04-01,2020-12-31,0
2021-02-05,82910,2020-03-31,3,,,,,,,,,,,,,,,,,,,,,,,,,,,,,,,,,,,66320856,false,false,9,2019-04-01,2019-12-31,-1
2021-03-26,82910,2021-03-31,,135000000000,0.038,,,,,3000000000,0.667,2600000000,0.857,1000000000,,4.000,15.09,,,,,,,,,,,,,,,,,,,,,,true,true,12,2020-04-01,2021-03-31,0
2021-03-26,82910,2020-03-31,,153147000000,,,,,,4350000000,,4024000000,,2246000000,,,33.89,,,,,,,,,,,,,,,,,,,,,,true,false,12,2019-04-01,2020-03-31,-1
2021-05-13,82910,2021-03-31,,140443000000,-0.083,,,,,3445000000,-0.208,3101000000,-0.229,,1638000000,,24.74,,0.038,0.034,0.025,,94886000000,47022000000,0.476,682.10,45201000000,11368000000,-6648000000,4209000000,17078000000,,0.162,,,,,,true,false,12,2020-04-01,2021-03-31,0
2021-05-13,82910,2020-03-31,,153147000000,-0.017,,,,,4350000000,-0.079,4024000000,-0.062,,2246000000,,33.89,,0.055,0.046,0.028,,85840000000,42727000000,0.478,619.80,41018000000,11345000000,-9971000000,-3405000000,8147000000,,0.118,,,,,,true,false,12,2019-04-01,2020-03-31,-1
2021-05-13,82910,2022-03-31,,145000000000,0.032,,,,,4000000000,0.161,3500000000,0.129,,2000000000,,30.18,,,,,,,,,,,,,,,,0.199,,,,,,true,true,12,2021-04-01,2022-03-31,1
2021-05-13,82910,2021-03-31,,7191000000,0.009,,,,,1171000000,-0.014,1142000000,-0.043,1033000000,,-0.101,15.60,,,,,,66299000000,27934000000,0.421,421.54,27934000000,,,,,4.00,,,,66635063,366224,66232725,false,false,12,2020-04-01,2021-03-31,0
2021-05-13,82910,2020-03-31,,7126000000,-0.038,,,,,1188000000,-0.258,1193000000,-0.221,1149000000,,-0.332,17.35,,,,,,57030000000,26517000000,0.465,400.69,26517000000,,,,,4.00,,,,66635063,455737,66285762,false,false,12,2019-04-01,2020-03-31,-1
2021-05-13,82910,2022-03-31,,,,,,,,,,,,,,,,,,,,,,,,,,,,,,6.00,,,,,,,false,true,12,2021-04-01,2022-03-31,1
2021-08-06,82910,2022-03-31,1,35791000000,0.404,,,,,535000000,,577000000,,,316000000,,4.78,,,,,,87430000000,47245000000,0.520,,45456000000,,,,,,,,,,,,true,false,3,2021-04-01,2021-06-30,0
2021-08-06,82910,2021-03-31,1,25500000000,-0.257,,,,,-1099000000,,-1156000000,,,-982000000,,-14.85,,,,,,,,,,,,,,,,,,,,,,true,false,3,2020-04-01,2020-06-30,-1
2021-08-06,82910,2022-03-31,1,145000000000,0.032,,,,,4000000000,0.161,3500000000,0.129,,2000000000,,30.18,,,,,,,,,,,,,,,,,,,,,,true,true,12,2021-04-01,2022-03-31,0
2021-08-06,82910,2021-03-31,1,,,,,,,,,,,,,,,,,,,,94886000000,47022000000,0.476,,45201000000,,,,,,,,,,,,true,false,12,2020-04-01,2021-03-31,-1
2021-08-06,82910,2021-03-31,1,,,,,,,,,,,,,,,,,,,,,,,,,,,,,4.00,,,,66635063,366224,,false,false,12,2020-04-01,2021-03-31,-1
2021-08-06,82910,2022-03-31,1,,,,,,,,,,,,,,,,,,,,,,,,,,,,,6.00,,,,,,,false,true,12,2021-04-01,2022-03-31,0
2021-08-06,82910,2022-03-31,1,,,,,,,,,,,,,,,,,,,,,,,,,,,,,,,,,66635063,366224,66268839,false,false,3,2021-04-01,2021-06-30,0
2021-08-06,82910,2021-03-31,1,,,,,,,,,,,,,,,,,,,,,,,,,,,,,,,,,,,66179326,false,false,3,2020-04-01,2020-06-30,-1
2021-11-08,82910,2022-03-31,2,68827000000,0.093,,,,,1476000000,4.881,1438000000,,,809000000,,12.21,,,,,,86909000000,47427000000,0.525,,45598000000,,,,,,,,,,,,true,false,6,2021-04-01,2021-09-30,0
2021-11-08,82910,2021-03-31,2,62946000000,-0.175,,,,,251000000,-0.893,83000000,-0.962,,4000000,,0.06,,,,,,,,,,,,,,,,,,,,,,true,false,6,2020-04-01,2020-09-30,-1
2021-11-08,82910,2022-03-31,2,145000000000,0.032,,,,,4000000000,0.161,3500000000,0.129,,2000000000,,30.18,,,,,,,,,,,,,,,,,,,,,,true,true,12,2021-04-01,2022-03-31,0
2021-11-08,82910,2021-03-31,2,,,,,,,,,,,,,,,,,,,,94886000000,47022000000,0.476,,45201000000,,,,,,,,,,,,true,false,12,2020-04-01,2021-03-31,-1
2021-11-08,82910,2021-03-31,2,,,,,,,,,,,,,,,,,,,,,,,,,,,,,4.00,,,,66635063,366224,,false,false,12,2020-04-01,2021-03-31,-1
2021-11-08,82910,2022-03-31,2,,,,,,,,,,,,,,,,,,,,,,,,,,,,,0.00,,,,,,,false,false,12,2021-04-01,2022-03-31,0
2021-11-08,82910,2022-03-31,2,,,,,,,,,,,,,,,,,,,,,,,,,,,,,6.00,,,,,,,false,true,12,2021-04-01,2022-03-31,0
2021-11-08,82910,2022-03-31,2,,,,,,,,,,,,,,,,,,,,,,,,,,,,,,,,,66635063,287724,66298931,false,false,6,2021-04-01,2021-09-30,0
2021-11-08,82910,2021-03-31,2,,,,,,,,,,,,,,,,,,,,,,,,,,,,,,,,,,,66197034,false,false,6,2020-04-01,2020-09-30,-1
2022-02-07,82910,2022-03-31,3,101783000000,0.053,,,,,2515000000,1.738,2458000000,2.637,,1374000000,,20.73,,,,,,85345000000,47925000000,0.540,,46055000000,,,,,,,,,,,,true,false,9,2021-04-01,2021-12-31,0
2022-02-07,82910,2021-03-31,3,96701000000,-0.119,,,,,918000000,-0.631,676000000,-0.700,,313000000,,4.73,,,,,,,,,,,,,,,,,,,,,,true,false,9,2020-04-01,2020-12-31,-1
2022-02-07,82910,2022-03-31,3,145000000000,0.032,,,,,4000000000,0.161,3500000000,0.129,,2000000000,,30.18,,,,,,,,,,,,,,,,,,,,,,true,true,12,2021-04-01,2022-03-31,0
2022-02-07,82910,2021-03-31,3,,,,,,,,,,,,,,,,,,,,94886000000,47022000000,0.476,,45201000000,,,,,,,,,,,,true,false,12,2020-04-01,2021-03-31,-1
2022-02-07,82910,2021-03-31,3,,,,,,,,,,,,,,,,,,,,,,,,,,,,,4.00,,,,66635063,366224,,false,false,12,2020-04-01,2021-03-31,-1
2022-02-07,82910,2022-03-31,3,,,,,,,,,,,,,,,,,,,,,,,,,,,,,0.00,,,,,,,false,false,12,2021-04-01,2022-03-31,0
2022-02-07,82910,2022-03-31,3,,,,,,,,,,,,,,,,,,,,,,,,,,,,,8.00,,,,,,,false,true,12,2021-04-01,2022-03-31,0
2022-02-07,82910,2022-03-31,3,,,,,,,,,,,,,,,,,,,,,,,,,,,,,,,,,66635063,287524,66315107,false,false,9,2021-04-01,2021-12-31,0
2022-02-07,82910,2021-03-31,3,,,,,,,,,,,,,,,,,,,,,,,,,,,,,,,,,,,66220948,false,false,9,2020-04-01,2020-12-31,-1
2022-05-12,82910,2022-03-31,,138378000000,-0.015,,,,,4407000000,0.279,4188000000,0.351,,2100000000,,31.67,,0.046,0.044,0.032,,94759000000,48312000000,0.492,703.87,46644000000,11460000000,-2749000000,-3484000000,22305000000,,0.253,,,,,,true,false,12,2021-04-01,2022-03-31,0
2022-05-12,82910,2021-03-31,,140443000000,-0.083,,,,,3445000000,-0.208,3101000000,-0.229,,1638000000,,24.74,,0.038,0.034,0.025,,94886000000,47022000000,0.476,682.10,45201000000,11368000000,-6648000000,4209000000,17078000000,,0.162,,,,,,true,false,12,2020-04-01,2021-03-31,-1
2022-05-12,82910,2023-03-31,,140000000000,0.012,,,,,4500000000,0.021,4200000000,0.003,,2200000000,,33.20,,,,,,,,,,,,,,,,0.301,,,,,,true,true,12,2022-04-01,2023-03-31,1
2022-05-12,82910,2022-03-31,,7608000000,0.058,,,,,1636000000,0.397,1331000000,0.166,1217000000,,0.178,18.36,,,,,,68430000000,28745000000,0.420,433.77,28745000000,,,,,8.00,,,,66635063,366574,66316171,false,false,12,2021-04-01,2022-03-31,0
2022-05-12,82910,2021-03-31,,7191000000,0.009,,,,,1171000000,-0.014,1142000000,-0.043,1033000000,,-0.101,15.60,,,,,,66299000000,27934000000,0.421,421.54,27934000000,,,,,4.00,,,,66635063,366224,66232725,false,false,12,2020-04-01,2021-03-31,-1
2022-05-12,82910,2023-03-31,,,,,,,,,,,,,,,,,,,,,,,,,,,,,,10.00,,,,,,,false,true,12,2022-04-01,2023-03-31,1
2022-08-08,82910,2023-03-31,1,31882000000,-0.109,,,,,1085000000,1.027,1073000000,0.859,,720000000,,10.88,,,,,,88894000000,48299000000,0.525,,46658000000,,,,,,,,,,,,true,false,3,2022-04-01,2022-06-30,0
2022-08-08,82910,2022-03-31,1,35791000000,0.404,,,,,535000000,,577000000,,,316000000,,4.78,,,,,,,,,,,,,,,,,,,,,,true,false,3,2021-04-01,2021-06-30,-1
2022-08-08,82910,2023-03-31,1,140000000000,0.012,,,,,4500000000,0.021,4200000000,0.003,,2200000000,,33.20,,,,,,,,,,,,,,,,,,,,,,true,true,12,2022-04-01,2023-03-31,0
2022-08-08,82910,2022-03-31,1,,,,,,,,,,,,,,,,,,,,94759000000,48312000000,0.492,,46644000000,,,,,,,,,,,,true,false,12,2021-04-01,2022-03-31,-1
2022-08-08,82910,2022-03-31,1,,,,,,,,,,,,,,,,,,,,,,,,,,,,,8.00,,,,66635063,366574,,false,false,12,2021-04-01,2022-03-31,-1
2022-08-08,82910,2023-03-31,1,,,,,,,,,,,,,,,,,,,,,,,,,,,,,10.00,,,,,,,false,true,12,2022-04-01,2023-03-31,0
2022-08-08,82910,2023-03-31,1,,,,,,,,,,,,,,,,,,,,,,,,,,,,,,,,,66635063,366574,66268489,false,false,3,2022-04-01,2022-06-30,0
2022-08-08,82910,2022-03-31,1,,,,,,,,,,,,,,,,,,,,,,,,,,,,,,,,,,,66268839,false,false,3,2021-04-01,2021-06-30,-1
2022-11-11,82910,2023-03-31,2,66681000000,-0.031,,,,,3090000000,1.093,3001000000,1.087,,1844000000,,27.82,,,,,,91085000000,49317000000,0.523,,47622000000,,,,,,,,,,,,true,false,6,2022-04-01,2022-09-30,0
2022-11-11,82910,2022-03-31,2,68827000000,0.093,,,,,1476000000,4.881,1438000000,,,809000000,,12.21,,,,,,,,,,,,,,,,,,,,,,true,false,6,2021-04-01,2021-09-30,-1
2022-11-11,82910,2023-03-31,2,140000000000,0.012,,,,,5500000000,0.248,5200000000,0.241,,2700000000,,40.69,,,,,,,,,,,,,,,,,,,,,,true,true,12,2022-04-01,2023-03-31,0
2022-11-11,82910,2022-03-31,2,,,,,,,,,,,,,,,,,,,,94759000000,48312000000,0.492,,46644000000,,,,,,,,,,,,true,false,12,2021-04-01,2022-03-31,-1
2022-11-11,82910,2022-03-31,2,,,,,,,,,,,,,,,,,,,,,,,,,,,,,8.00,,,,66635063,366574,,false,false,12,2021-04-01,2022-03-31,-1
2022-11-11,82910,2023-03-31,2,,,,,,,,,,,,,,,,,,,,,,,,,,,,,5.00,,,,,,,false,false,12,2022-04-01,2023-03-31,0
2022-11-11,82910,2023-03-31,2,,,,,,,,,,,,,,,,,,,,,,,,,,,,,12.00,,,,,,,false,true,12,2022-04-01,2023-03-31,0
2022-11-11,82910,2023-03-31,2,,,,,,,,,,,,,,,,,,,,,,,,,,,,,,,,,66635063,277524,66300530,false,false,6,2022-04-01,2022-09-30,0
2022-11-11,82910,2022-03-31,2,,,,,,,,,,,,,,,,,,,,,,,,,,,,,,,,,,,66298931,false,false,6,2021-04-01,2021-09-30,-1
2023-02-06,82910,2023-03-31,3,101794000000,0.000,,,,,4689000000,0.864,4558000000,0.854,,2752000000,,41.51,,,,,,89160000000,50080000000,0.542,,48343000000,,,,,,,,,,,,true,false,9,2022-04-01,2022-12-31,0
2023-02-06,82910,2022-03-31,3,101783000000,0.053,,,,,2515000000,1.738,2458000000,2.637,,1374000000,,20.73,,,,,,,,,,,,,,,,,,,,,,true,false,9,2021-04-01,2021-12-31,-1
2023-02-06,82910,2023-03-31,3,140000000000,0.012,,,,,5500000000,0.248,5200000000,0.241,,2700000000,,40.69,,,,,,,,,,,,,,,,,,,,,,true,true,12,2022-04-01,2023-03-31,0
2023-02-06,82910,2022-03-31,3,,,,,,,,,,,,,,,,,,,,94759000000,48312000000,0.492,,46644000000,,,,,,,,,,,,true,false,12,2021-04-01,2022-03-31,-1
2023-02-06,82910,2022-03-31,3,,,,,,,,,,,,,,,,,,,,,,,,,,,,,8.00,,,,66635063,366574,,false,false,12,2021-04-01,2022-03-31,-1
2023-02-06,82910,2023-03-31,3,,,,,,,,,,,,,,,,,,,,,,,,,,,,,5.00,,,,,,,false,false,12,2022-04-01,2023-03-31,0
2023-02-06,82910,2023-03-31,3,,,,,,,,,,,,,,,,,,,,,,,,,,,,,12.00,,,,,,,false,true,12,2022-04-01,2023-03-31,0
2023-02-06,82910,2023-03-31,3,,,,,,,,,,,,,,,,,,,,,,,,,,,,,,,,,66635063,274024,66320208,false,false,9,2022-04-01,2022-12-31,0
2023-02-06,82910,2022-03-31,3,,,,,,,,,,,,,,,,,,,,,,,,,,,,,,,,,,,66315107,false,false,9,2021-04-01,2021-12-31,-1
2023-05-12,82910,2023-03-31,,137659000000,-0.005,,,,,6399000000,0.452,6090000000,0.454,,3261000000,,49.17,,0.068,0.067,0.046,,87201000000,51010000000,0.564,741.38,49198000000,3095000000,-3816000000,-3468000000,18116000000,,0.305,,,,,,true,false,12,2022-04-01,2023-03-31,0
2023-05-12,82910,2022-03-31,,138378000000,-0.015,,,,,4407000000,0.279,4188000000,0.351,,2100000000,,31.67,,0.046,0.044,0.032,,94759000000,48312000000,0.492,703.87,46644000000,11460000000,-2749000000,-3484000000,22305000000,,0.253,,,,,,true,false,12,2021-04-01,2022-03-31,-1
2023-05-12,82910,2024-03-31,,150000000000,0.090,,,,,6000000000,-0.062,5700000000,-0.064,,3300000000,,49.73,,,,,,,,,,,,,,,,0.302,,,,,,true,true,12,2023-04-01,2024-03-31,1
2023-05-12,82910,2023-03-31,,8375000000,0.101,,,,,2326000000,0.422,2134000000,0.604,1940000000,,0.593,29.25,,,,,,64116000000,29930000000,0.467,451.03,29930000000,,,,,15.00,,,,66635063,274024,66330248,false,false,12,2022-04-01,2023-03-31,0
2023-05-12,82910,2022-03-31,,7608000000,0.058,,,,,1636000000,0.397,1331000000,0.166,1217000000,,0.178,18.36,,,,,,68430000000,28745000000,0.420,433.77,28745000000,,,,,8.00,,,,66635063,366574,66316171,false,false,12,2021-04-01,2022-03-31,-1
2023-05-12,82910,2024-03-31,,,,,,,,,,,,,,,,,,,,,,,,,,,,,,15.00,,,,,,,false,true,12,2023-04-01,2024-03-31,1
2023-08-09,82910,2024-03-31,1,35647000000,0.118,,,,,1827000000,0.684,1819000000,0.695,,1434000000,,21.62,,,,,,86108000000,51242000000,0.575,,49477000000,,,,,,,,,,,,true,false,3,2023-04-01,2023-06-30,0
2023-08-09,82910,2023-03-31,1,31882000000,-0.109,,,,,1085000000,1.027,1073000000,0.859,,720000000,,10.88,,,,,,,,,,,,,,,,,,,,,,true,false,3,2022-04-01,2022-06-30,-1
2023-08-09,82910,2024-03-31,1,150000000000,0.090,,,,,6000000000,-0.062,5700000000,-0.064,,3300000000,,49.73,,,,,,,,,,,,,,,,,,,,,,true,true,12,2023-04-01,2024-03-31,0
2023-08-09,82910,2023-03-31,1,,,,,,,,,,,,,,,,,,,,87201000000,51010000000,0.564,,49198000000,,,,,,,,,,,,true,false,12,2022-04-01,2023-03-31,-1
2023-08-09,82910,2023-03-31,1,,,,,,,,,,,,,,,,,,,,,,,,,,,,,15.00,,,,66635063,274024,,false,false,12,2022-04-01,2023-03-31,-1
2023-08-09,82910,2024-03-31,1,,,,,,,,,,,,,,,,,,,,,,,,,,,,,15.00,,,,,,,false,true,12,2023-04-01,2024-03-31,0
2023-08-09,82910,2024-03-31,1,,,,,,,,,,,,,,,,,,,,,,,,,,,,,,,,,66635063,274024,66361039,false,false,3,2023-04-01,2023-06-30,0
2023-08-09,82910,2023-03-31,1,,,,,,,,,,,,,,,,,,,,,,,,,,,,,,,,,,,66268489,false,false,3,2022-04-01,2022-06-30,-1
2023-11-10,82910,2024-03-31,2,74358000000,0.115,,,,,4393000000,0.422,4170000000,0.390,,2443000000,,36.81,,,,,,88568000000,52761000000,0.576,,50979000000,,,,,,,,,,,,true,false,6,2023-04-01,2023-09-30,0
2023-11-10,82910,2023-03-31,2,66681000000,-0.031,,,,,3090000000,1.093,3001000000,1.087,,1844000000,,27.82,,,,,,,,,,,,,,,,,,,,,,true,false,6,2022-04-01,2022-09-30,-1
2023-11-10,82910,2024-03-31,2,150000000000,0.090,,,,,7300000000,0.141,7000000000,0.149,,6700000000,,100.85,,,,,,,,,,,,,,,,,,,,,,true,true,12,2023-04-01,2024-03-31,0
2023-11-10,82910,2023-03-31,2,,,,,,,,,,,,,,,,,,,,87201000000,51010000000,0.564,,49198000000,,,,,,,,,,,,true,false,12,2022-04-01,2023-03-31,-1
2023-11-10,82910,2023-03-31,2,,,,,,,,,,,,,,,,,,,,,,,,,,,,,15.00,,,,66635063,274024,,false,false,12,2022-04-01,2023-03-31,-1
2023-11-10,82910,2024-03-31,2,,,,,,,,,,,,,,,,,,,,,,,,,,,,,9.00,,,,,,,false,false,12,2023-04-01,2024-03-31,0
2023-11-10,82910,2024-03-31,2,,,,,,,,,,,,,,,,,,,,,,,,,,,,,19.00,,,,,,,false,true,12,2023-04-01,2024-03-31,0
2023-11-10,82910,2024-03-31,2,,,,,,,,,,,,,,,,,,,,,,,,,,,,,,,,,66635063,202897,66387043,false,false,6,2023-04-01,2023-09-30,0
2023-11-10,82910,2023-03-31,2,,,,,,,,,,,,,,,,,,,,,,,,,,,,,,,,,,,66300530,false,false,6,2022-04-01,2022-09-30,-1
2024-02-09,82910,2024-03-31,3,111255000000,0.093,,,,,6704000000,0.430,6513000000,0.429,,6469000000,,97.43,,,,,,85706000000,54591000000,0.637,,54591000000,,,,,,,,,,,,true,false,9,2023-04-01,2023-12-31,0
2024-02-09,82910,2023-03-31,3,101794000000,0.000,,,,,4689000000,0.864,4558000000,0.854,,2752000000,,41.51,,,,,,,,,,,,,,,,,,,,,,true,false,9,2022-04-01,2022-12-31,-1
2024-02-09,82910,2024-03-31,3,150000000000,0.090,,,,,7800000000,0.219,7500000000,0.231,,7000000000,,105.37,,,,,,,,,,,,,,,,,,,,,,true,true,12,2023-04-01,2024-03-31,0
2024-02-09,82910,2023-03-31,3,,,,,,,,,,,,,,,,,,,,87201000000,51010000000,0.564,,49198000000,,,,,,,,,,,,true,false,12,2022-04-01,2023-03-31,-1
2024-02-09,82910,2023-03-31,3,,,,,,,,,,,,,,,,,,,,,,,,,,,,,15.00,,,,66635063,274024,,false,false,12,2022-04-01,2023-03-31,-1
2024-02-09,82910,2024-03-31,3,,,,,,,,,,,,,,,,,,,,,,,,,,,,,9.00,,,,,,,false,false,12,2023-04-01,2024-03-31,0
2024-02-09,82910,2024-03-31,3,,,,,,,,,,,,,,,,,,,,,,,,,,,,,22.00,,,,,,,false,true,12,2023-04-01,2024-03-31,0
2024-02-09,82910,2024-03-31,3,,,,,,,,,,,,,,,,,,,,,,,,,,,,,,,,,66635063,202497,66402173,false,false,9,2023-04-01,2023-12-31,0
2024-02-09,82910,2023-03-31,3,,,,,,,,,,,,,,,,,,,,,,,,,,,,,,,,,,,66320208,false,false,9,2022-04-01,2022-12-31,-1
2024-05-15,82910,2024-03-31,,148972000000,0.082,,,,,8709000000,0.361,8364000000,0.373,,7337000000,,110.49,,0.138,0.092,0.058,,94311000000,57484000000,0.610,865.30,57484000000,11189000000,-4546000000,-3416000000,21343000000,,0.217,,,,,,true,false,12,2023-04-01,2024-03-31,0
2024-05-15,82910,2023-03-31,,137659000000,-0.005,,,,,6399000000,0.452,6090000000,0.454,,3261000000,,49.17,,0.068,0.067,0.046,,87201000000,51010000000,0.564,741.38,49198000000,3095000000,-3816000000,-3468000000,18116000000,,0.305,,,,,,true,false,12,2022-04-01,2023-03-31,-1
2024-05-15,82910,2025-03-31,,150000000000,0.007,,,,,7500000000,-0.139,7000000000,-0.163,,4500000000,,67.74,,,,,,,,,,,,,,,,0.354,,,,,,true,true,12,2024-04-01,2025-03-31,1
2024-05-15,82910,2024-03-31,,7018000000,-0.162,,,,,700000000,-0.699,618000000,-0.710,4078000000,,1.102,61.41,,,,,,72256000000,35235000000,0.488,530.39,35235000000,,,,,24.00,,13.00,2.00,66635063,202497,66409709,false,false,12,2023-04-01,2024-03-31,0
2024-05-15,82910,2023-03-31,,8375000000,0.101,,,,,2326000000,0.422,2134000000,0.604,1940000000,,0.593,29.25,,,,,,64116000000,29930000000,0.467,451.03,29930000000,,,,,15.00,,,,66635063,274024,66330248,false,false,12,2022-04-01,2023-03-31,-1
2024-05-15,82910,2025-03-31,,,,,,,,,,,,,,,,,,,,,,,,,,,,,,24.00,,,,,,,false,true,12,2024-04-01,2025-03-31,1
2024-08-09,82910,2025-03-31,1,34355000000,-0.036,,,,,1725000000,-0.056,1820000000,0.001,,1180000000,,17.78,,,,,,85191000000,57239000000,0.672,,57239000000,,,,,,,,,,,,true,false,3,2024-04-01,2024-06-30,0
2024-08-09,82910,2024-03-31,1,35647000000,0.118,,,,,1827000000,0.684,1819000000,0.695,,1434000000,,21.62,,,,,,,,,,,,,,,,,,,,,,true,false,3,2023-04-01,2023-06-30,-1
2024-08-09,82910,2025-03-31,1,150000000000,0.007,,,,,7500000000,-0.139,7000000000,-0.163,,4500000000,,67.74,,,,,,,,,,,,,,,,,,,,,,true,true,12,2024-04-01,2025-03-31,0
2024-08-09,82910,2024-03-31,1,,,,,,,,,,,,,,,,,,,,94311000000,57484000000,0.610,,57484000000,,,,,,,,,,,,true,false,12,2023-04-01,2024-03-31,-1
2024-08-09,82910,2024-03-31,1,,,,,,,,,,,,,,,,,,,,,,,,,,,,,24.00,,,,66635063,202497,,false,false,12,2023-04-01,2024-03-31,-1
2024-08-09,82910,2025-03-31,1,,,,,,,,,,,,,,,,,,,,,,,,,,,,,24.00,,,,,,,false,true,12,2024-04-01,2025-03-31,0
2024-08-09,82910,2025-03-31,1,,,,,,,,,,,,,,,,,,,,,,,,,,,,,,,13.00,2.00,66635063,202497,66432566,false,false,3,2024-04-01,2024-06-30,0
2024-08-09,82910,2024-03-31,1,,,,,,,,,,,,,,,,,,,,,,,,,,,,,,,,,,,66361039,false,false,3,2023-04-01,2023-06-30,-1
2024-11-13,82910,2025-03-31,2,70043000000,-0.058,,,,,3796000000,-0.136,3768000000,-0.096,,2485000000,,37.42,,,,,,86882000000,57984000000,0.667,,57984000000,,,,,,,,,,,,true,false,6,2024-04-01,2024-09-30,0
2024-11-13,82910,2024-03-31,2,74358000000,0.115,,,,,4393000000,0.422,4170000000,0.390,,2443000000,,36.81,,,,,,,,,,,,,,,,,,,,,,true,false,6,2023-04-01,2023-09-30,-1
2024-11-13,82910,2025-03-31,2,150000000000,0.007,,,,,7500000000,-0.139,7000000000,-0.163,,4500000000,,67.74,,,,,,,,,,,,,,,,,,,,,,true,true,12,2024-04-01,2025-03-31,0
2024-11-13,82910,2024-03-31,2,,,,,,,,,,,,,,,,,,,,94311000000,57484000000,0.610,,57484000000,,,,,,,,,,,,true,false,12,2023-04-01,2024-03-31,-1
2024-11-13,82910,2024-03-31,2,,,,,,,,,,,,,,,,,,,,,,,,,,,,,24.00,,,,66635063,202497,,false,false,12,2023-04-01,2024-03-31,-1
2024-11-13,82910,2025-03-31,2,,,,,,,,,,,,,,,,,,,,,,,,,,,,,12.00,,,,,,,false,false,12,2024-04-01,2025-03-31,0
2024-11-13,82910,2025-03-31,2,,,,,,,,,,,,,,,,,,,,,,,,,,,,,24.00,,,,,,,false,true,12,2024-04-01,2025-03-31,0
2024-11-13,82910,2025-03-31,2,,,,,,,,,,,,,,,,,,,,,,,,,,,,,,,,,66635063,188097,66437555,false,false,6,2024-04-01,2024-09-30,0
2024-11-13,82910,2024-03-31,2,,,,,,,,,,,,,,,,,,,,,,,,,,,,,,,,,,,66387043,false,false,6,2023-04-01,2023-09-30,-1
2025-02-10,82910,2025-03-31,3,106468000000,-0.043,,,,,5954000000,-0.112,5946000000,-0.087,,3874000000,,58.81,,,,,,91580000000,55651000000,0.608,,55651000000,,,,,,,,,,,,true,false,9,2024-04-01,2024-12-31,0
2025-02-10,82910,2024-03-31,3,111255000000,0.093,,,,,6704000000,0.430,6513000000,0.429,,6469000000,,97.43,,,,,,,,,,,,,,,,,,,,,,true,false,9,2023-04-01,2023-12-31,-1
2025-02-10,82910,2025-03-31,3,150000000000,0.007,,,,,7500000000,-0.139,7000000000,-0.163,,4500000000,,69.98,,,,,,,,,,,,,,,,,,,,,,true,true,12,2024-04-01,2025-03-31,0
2025-02-10,82910,2024-03-31,3,,,,,,,,,,,,,,,,,,,,94311000000,57484000000,0.610,,57484000000,,,,,,,,,,,,true,false,12,2023-04-01,2024-03-31,-1
2025-02-10,82910,2024-03-31,3,,,,,,,,,,,,,,,,,,,,,,,,,,,,,24.00,,,,66635063,202497,,false,false,12,2023-04-01,2024-03-31,-1
2025-02-10,82910,2025-03-31,3,,,,,,,,,,,,,,,,,,,,,,,,,,,,,12.00,,,,,,,false,false,12,2024-04-01,2025-03-31,0
2025-02-10,82910,2025-03-31,3,,,,,,,,,,,,,,,,,,,,,,,,,,,,,24.00,,,,,,,false,true,12,2024-04-01,2025-03-31,0
2025-02-10,82910,2025-03-31,3,,,,,,,,,,,,,,,,,,,,,,,,,,,,,,,,,66635063,7187197,65882870,false,false,9,2024-04-01,2024-12-31,0
2025-02-10,82910,2024-03-31,3,,,,,,,,,,,,,,,,,,,,,,,,,,,,,,,,,,,66402173,false,false,9,2023-04-01,2023-12-31,-1
2025-05-15,82910,2025-03-31,,141605000000,-0.049,,,,,7412000000,-0.149,7367000000,-0.119,,4312000000,,67.07,,0.076,0.077,0.052,,97081000000,56644000000,0.583,952.85,56644000000,4917000000,-12575000000,3055000000,16741000000,,0.358,,,,,,true,false,12,2024-04-01,2025-03-31,0
2025-05-15,82910,2024-03-31,,148972000000,0.082,,,,,8709000000,0.361,8364000000,0.373,,7337000000,,110.49,,0.138,0.092,0.058,,94311000000,57484000000,0.610,865.30,57484000000,11189000000,-4546000000,-3416000000,21343000000,,0.217,,,,,,true,false,12,2023-04-01,2024-03-31,-1
2025-05-15,82910,2026-03-31,,145000000000,0.024,,,,,7000000000,-0.056,6500000000,-0.118,,4000000000,,67.29,,,,,,,,,,,,,,,,0.357,,,,,,true,true,12,2025-04-01,2026-03-31,1
2025-05-15,82910,2025-03-31,,12233000000,0.743,,,,,5828000000,7.317,5892000000,8.531,5929000000,,0.454,92.21,,,,,,75032000000,35711000000,0.476,600.73,35711000000,,,,,24.00,,,,66635063,7187247,64300489,false,false,12,2024-04-01,2025-03-31,0
2025-05-15,82910,2024-03-31,,7018000000,-0.162,,,,,700000000,-0.699,618000000,-0.710,4078000000,,1.102,61.41,,,,,,72256000000,35235000000,0.488,530.39,35235000000,,,,,24.00,,,,66635063,202497,66409709,false,false,12,2023-04-01,2024-03-31,-1
2025-05-15,82910,2026-03-31,,,,,,,,,,,,,,,,,,,,,,,,,,,,,,24.00,,,,,,,false,true,12,2025-04-01,2026-03-31,1
