date,open,high,low,close,volume,rs_nikkei,rs_topix,rs
2020/08/03,2520.0,2829.0,2120.0,2230.0,7132200,-1.0,-1.0,-1.0
2020/08/04,2050.0,2223.0,2050.0,2200.0,3676400,-1.0,-1.0,-1.0
2020/08/05,2228.0,2430.0,2227.0,2387.0,5898300,-1.0,-1.0,-1.0
2020/08/06,2437.0,2447.0,2090.0,2120.0,3014000,-1.0,-1.0,-1.0
2020/08/07,2198.0,2400.0,2181.0,2400.0,2660600,-1.0,-1.0,-1.0
2020/08/11,2350.0,2479.0,2310.0,2368.0,2718800,-1.0,-1.0,-1.0
2020/08/12,2468.0,2850.0,2436.0,2550.0,12116700,-1.0,-1.0,-1.0
2020/08/13,2638.0,2683.0,2469.0,2513.0,6222200,-1.0,-1.0,-1.0
2020/08/14,2555.0,2639.0,2515.0,2630.0,1773900,-1.0,-1.0,-1.0
2020/08/17,2710.0,2765.0,2645.0,2668.0,2167300,-1.0,-1.0,-1.0
2020/08/18,2768.0,3170.0,2733.0,3080.0,7583900,-1.0,-1.0,-1.0
2020/08/19,3175.0,3540.0,3155.0,3400.0,6501400,-1.0,-1.0,-1.0
2020/08/20,3535.0,3725.0,3280.0,3395.0,5878300,-1.0,-1.0,-1.0
2020/08/21,3465.0,3480.0,3150.0,3295.0,3115500,-1.0,-1.0,-1.0
2020/08/24,3405.0,3800.0,3330.0,3800.0,4631400,-1.0,-1.0,-1.0
2020/08/25,3860.0,4070.0,3605.0,3635.0,7194400,-1.0,-1.0,-1.0
2020/08/26,3795.0,3925.0,3700.0,3720.0,3925500,-1.0,-1.0,-1.0
2020/08/27,3765.0,3795.0,3580.0,3700.0,2305100,-1.0,-1.0,-1.0
2020/08/28,3640.0,3655.0,3000.0,3200.0,2957000,-1.0,-1.0,-1.0
2020/08/31,3350.0,3475.0,3290.0,3460.0,1166000,-1.0,-1.0,-1.0
2020/09/01,3445.0,3515.0,3350.0,3385.0,915500,-1.0,-1.0,-1.0
2020/09/02,3410.0,3460.0,3220.0,3270.0,1615400,-1.0,-1.0,-1.0
2020/09/03,3340.0,3425.0,3275.0,3310.0,1001200,-1.0,-1.0,-1.0
2020/09/04,3100.0,3270.0,3070.0,3210.0,846200,-1.0,-1.0,-1.0
2020/09/07,3160.0,3180.0,2872.0,3130.0,1477800,-1.0,-1.0,-1.0
2020/09/08,3110.0,3255.0,2962.0,3040.0,1041500,-1.0,-1.0,-1.0
2020/09/09,2920.0,2989.0,2851.0,2926.0,1002300,-1.0,-1.0,-1.0
2020/09/10,2976.0,3010.0,2760.0,2760.0,1023200,-1.0,-1.0,-1.0
2020/09/11,2700.0,2929.0,2635.0,2850.0,1517100,-1.0,-1.0,-1.0
2020/09/14,2822.0,2880.0,2696.0,2741.0,1231800,-1.0,-1.0,-1.0
2020/09/15,2691.0,3025.0,2691.0,2998.0,3790500,-1.0,-1.0,-1.0
2020/09/16,3025.0,3045.0,2741.0,2772.0,4298600,-1.0,-1.0,-1.0
2020/09/17,2798.0,2812.0,2685.0,2693.0,1091000,-1.0,-1.0,-1.0
2020/09/18,2730.0,2764.0,2642.0,2694.0,1068100,-1.0,-1.0,-1.0
2020/09/23,2744.0,2879.0,2714.0,2865.0,1016400,-1.0,-1.0,-1.0
2020/09/24,2837.0,2968.0,2740.0,2761.0,1393700,-1.0,-1.0,-1.0
2020/09/25,2810.0,2871.0,2716.0,2743.0,793000,-1.0,-1.0,-1.0
2020/09/28,2775.0,2815.0,2602.0,2635.0,726600,-1.0,-1.0,-1.0
2020/09/29,2604.0,2690.0,2604.0,2633.0,416000,-1.0,-1.0,-1.0
2020/09/30,2649.0,2782.0,2642.0,2723.0,698200,-1.0,-1.0,-1.0
2020/10/02,2758.0,2769.0,2631.0,2694.0,449300,-1.0,-1.0,-1.0
2020/10/05,2706.0,2723.0,2663.0,2700.0,346500,-1.0,-1.0,-1.0
2020/10/06,2720.0,2732.0,2606.0,2612.0,571700,-1.0,-1.0,-1.0
2020/10/07,2600.0,2626.0,2546.0,2597.0,499200,-1.0,-1.0,-1.0
2020/10/08,2897.0,2979.0,2710.0,2746.0,4561600,-1.0,-1.0,-1.0
2020/10/09,2702.0,2765.0,2654.0,2757.0,948200,-1.0,-1.0,-1.0
2020/10/12,2818.0,3030.0,2801.0,2969.0,2548300,-1.0,-1.0,-1.0
2020/10/13,3090.0,3145.0,3000.0,3010.0,1699900,-1.0,-1.0,-1.0
2020/10/14,3050.0,3050.0,2893.0,2901.0,989900,-1.0,-1.0,-1.0
2020/10/15,2851.0,2925.0,2757.0,2765.0,607700,-1.0,-1.0,-1.0
2020/10/16,2746.0,2779.0,2637.0,2692.0,599300,-1.0,-1.0,-1.0
2020/10/19,2672.0,2777.0,2601.0,2769.0,489000,-1.0,-1.0,-1.0
2020/10/20,2722.0,2770.0,2691.0,2691.0,241500,-1.0,-1.0,-1.0
2020/10/21,2685.0,2840.0,2683.0,2773.0,375800,-1.0,-1.0,-1.0
2020/10/22,2743.0,2823.0,2671.0,2695.0,429800,-1.0,-1.0,-1.0
2020/10/23,2705.0,2719.0,2571.0,2650.0,414600,-1.0,-1.0,-1.0
2020/10/26,2650.0,2664.0,2424.0,2445.0,564600,-1.0,-1.0,-1.0
2020/10/27,2300.0,2472.0,2290.0,2465.0,528000,-1.0,-1.0,-1.0
2020/10/28,2456.0,2518.0,2373.0,2383.0,256500,-1.0,-1.0,-1.0
2020/10/29,2301.0,2560.0,2300.0,2495.0,500400,-1.0,-1.0,-1.0
2020/10/30,2579.0,2595.0,2460.0,2502.0,424200,-1.0,-1.0,-1.0
2020/11/02,2580.0,2662.0,2503.0,2608.0,447400,-1.0,-1.0,-1.0
2020/11/04,2640.0,2684.0,2568.0,2644.0,351800,-1.0,-1.0,-1.0
2020/11/05,2715.0,2864.0,2673.0,2849.0,707100,-1.0,-1.0,-1.0
2020/11/06,2700.0,2720.0,2496.0,2568.0,1478900,-1.0,-1.0,-1.0
2020/11/09,2600.0,2616.0,2515.0,2600.0,455200,-1.0,-1.0,-1.0
2020/11/10,2550.0,2589.0,2470.0,2470.0,379100,-1.0,-1.0,-1.0
2020/11/11,2470.0,2595.0,2460.0,2547.0,338700,-1.0,-1.0,-1.0
2020/11/12,2550.0,2554.0,2419.0,2433.0,495300,-1.0,-1.0,-1.0
2020/11/13,2461.0,2534.0,2426.0,2502.0,339700,-1.0,-1.0,-1.0
2020/11/16,2500.0,2587.0,2470.0,2573.0,279900,-1.0,-1.0,-1.0
2020/11/17,2533.0,2578.0,2450.0,2465.0,299500,-1.0,-1.0,-1.0
2020/11/18,2470.0,2515.0,2430.0,2452.0,203100,-1.0,-1.0,-1.0
2020/11/19,2406.0,2435.0,2395.0,2428.0,182100,-1.0,-1.0,-1.0
2020/11/20,2425.0,2444.0,2368.0,2429.0,192000,-1.0,-1.0,-1.0
2020/11/24,2430.0,2475.0,2420.0,2436.0,220100,-1.0,-1.0,-1.0
2020/11/25,2434.0,2482.0,2350.0,2367.0,376300,-1.0,-1.0,-1.0
2020/11/26,2362.0,2424.0,2352.0,2418.0,252800,-1.0,-1.0,-1.0
2020/11/27,2418.0,2433.0,2362.0,2433.0,245800,-1.0,-1.0,-1.0
2020/11/30,2469.0,2513.0,2430.0,2501.0,531300,-1.0,-1.0,-1.0
2020/12/01,2423.0,2501.0,2423.0,2486.0,297500,-1.0,-1.0,-1.0
2020/12/02,2477.0,2575.0,2477.0,2529.0,418500,-1.0,-1.0,-1.0
2020/12/03,2529.0,2559.0,2442.0,2443.0,321000,-1.0,-1.0,-1.0
2020/12/04,2440.0,2502.0,2430.0,2452.0,257300,-1.0,-1.0,-1.0
2020/12/07,2502.0,2502.0,2351.0,2355.0,331100,-1.0,-1.0,-1.0
2020/12/08,2350.0,2428.0,2331.0,2387.0,252500,-1.0,-1.0,-1.0
2020/12/09,2391.0,2442.0,2351.0,2359.0,242300,-1.0,-1.0,-1.0
2020/12/10,2342.0,2350.0,2204.0,2214.0,408000,-1.0,-1.0,-1.0
2020/12/11,2234.0,2399.0,2223.0,2312.0,370000,-1.0,-1.0,-1.0
2020/12/14,2348.0,2436.0,2319.0,2415.0,258000,-1.0,-1.0,-1.0
2020/12/15,2401.0,2435.0,2329.0,2359.0,167700,-1.0,-1.0,-1.0
2020/12/16,1859.0,1859.0,1859.0,1859.0,82400,-1.0,-1.0,-1.0
2020/12/17,1800.0,1844.0,1701.0,1794.0,2211700,-1.0,-1.0,-1.0
2020/12/18,1815.0,2013.0,1814.0,1926.0,1043600,-1.0,-1.0,-1.0
2020/12/21,1895.0,1943.0,1741.0,1891.0,862400,-1.0,-1.0,-1.0
2020/12/22,1890.0,1938.0,1816.0,1877.0,590700,-1.0,-1.0,-1.0
2020/12/23,1870.0,1907.0,1801.0,1898.0,422200,-1.0,-1.0,-1.0
2020/12/24,1892.0,2035.0,1892.0,1973.0,548700,-1.0,-1.0,-1.0
2020/12/25,1980.0,2077.0,1970.0,2017.0,322000,-1.0,-1.0,-1.0
2020/12/28,2016.0,2082.0,1975.0,1975.0,317200,-1.0,-1.0,-1.0
2020/12/29,1981.0,2136.0,1979.0,2124.0,412600,-1.0,-1.0,-1.0
2020/12/30,2074.0,2215.0,2074.0,2212.0,314100,-1.0,-1.0,-1.0
2021/01/04,2220.0,2473.0,2220.0,2400.0,789200,-1.0,-1.0,-1.0
2021/01/05,2354.0,2373.0,2202.0,2245.0,436700,-1.0,-1.0,-1.0
2021/01/06,2312.0,2405.0,2308.0,2369.0,452800,-1.0,-1.0,-1.0
2021/01/07,2364.0,2485.0,2358.0,2459.0,490500,-1.0,-1.0,-1.0
2021/01/08,2488.0,2635.0,2484.0,2589.0,717600,-1.0,-1.0,-1.0
2021/01/12,2548.0,2563.0,2465.0,2478.0,347500,-1.0,-1.0,-1.0
2021/01/13,2483.0,2520.0,2373.0,2386.0,367300,-1.0,-1.0,-1.0
2021/01/14,2425.0,2480.0,2400.0,2413.0,177800,-1.0,-1.0,-1.0
2021/01/15,2405.0,2413.0,2334.0,2355.0,204300,-1.0,-1.0,-1.0
2021/01/18,2305.0,2382.0,2305.0,2365.0,135700,-1.0,-1.0,-1.0
2021/01/19,2430.0,2468.0,2409.0,2446.0,233100,-1.0,-1.0,-1.0
2021/01/20,2500.0,2654.0,2500.0,2594.0,514000,-1.0,-1.0,-1.0
2021/01/21,2640.0,2746.0,2620.0,2725.0,597100,-1.0,-1.0,-1.0
2021/01/22,2850.0,2982.0,2801.0,2966.0,1464600,-1.0,-1.0,-1.0
2021/01/25,3020.0,3025.0,2899.0,2947.0,579900,-1.0,-1.0,-1.0
2021/01/26,2847.0,2878.0,2715.0,2725.0,604900,-1.0,-1.0,-1.0
2021/01/27,2725.0,2754.0,2625.0,2656.0,329500,-1.0,-1.0,-1.0
2021/01/28,2586.0,2740.0,2570.0,2689.0,443200,-1.0,-1.0,-1.0
2021/01/29,2658.0,2691.0,2456.0,2507.0,553400,-1.0,-1.0,-1.0
2021/02/01,2500.0,2616.0,2470.0,2603.0,345300,-1.0,-1.0,-1.0
2021/02/02,2651.0,2697.0,2622.0,2677.0,309100,-1.0,-1.0,-1.0
2021/02/03,2640.0,2640.0,2452.0,2500.0,744200,-1.0,-1.0,-1.0
2021/02/04,2527.0,2530.0,2412.0,2420.0,435200,-1.0,-1.0,-1.0
2021/02/05,2449.0,2517.0,2441.0,2500.0,429900,-1.0,-1.0,-1.0
2021/02/08,2498.0,2501.0,2423.0,2459.0,202100,-1.0,-1.0,-1.0
2021/02/09,2499.0,2509.0,2422.0,2462.0,242200,-1.0,-1.0,-1.0
2021/02/10,2430.0,2442.0,2365.0,2402.0,278700,-1.0,-1.0,-1.0
2021/02/12,2400.0,2400.0,2312.0,2352.0,338800,-1.0,-1.0,-1.0
2021/02/15,2346.0,2428.0,2345.0,2390.0,398200,-1.0,-1.0,-1.0
2021/02/16,2405.0,2505.0,2372.0,2451.0,400800,-1.0,-1.0,-1.0
2021/02/17,2450.0,2508.0,2430.0,2498.0,189600,-1.0,-1.0,-1.0
2021/02/18,2516.0,2528.0,2442.0,2444.0,221100,-1.0,-1.0,-1.0
2021/02/19,2445.0,2500.0,2352.0,2384.0,215700,-1.0,-1.0,-1.0
2021/02/22,2397.0,2410.0,2333.0,2333.0,170700,-1.0,-1.0,-1.0
2021/02/24,2309.0,2318.0,2138.0,2144.0,406000,-1.0,-1.0,-1.0
2021/02/25,2205.0,2244.0,2161.0,2214.0,255600,-1.0,-1.0,-1.0
2021/02/26,2151.0,2281.0,2149.0,2221.0,217500,-1.0,-1.0,-1.0
2021/03/01,2202.0,2248.0,2167.0,2196.0,167400,-1.0,-1.0,-1.0
2021/03/02,2220.0,2334.0,2220.0,2302.0,290400,-1.0,-1.0,-1.0
2021/03/03,2293.0,2302.0,2185.0,2198.0,172600,-1.0,-1.0,-1.0
2021/03/04,2161.0,2183.0,2084.0,2133.0,170700,-1.0,-1.0,-1.0
2021/03/05,2103.0,2126.0,2030.0,2123.0,156500,-1.0,-1.0,-1.0
2021/03/08,2160.0,2213.0,2101.0,2118.0,183800,-1.0,-1.0,-1.0
2021/03/09,2130.0,2189.0,2081.0,2175.0,164400,-1.0,-1.0,-1.0
2021/03/10,2225.0,2249.0,2180.0,2204.0,105800,-1.0,-1.0,-1.0
2021/03/11,2230.0,2259.0,2186.0,2249.0,175400,-1.0,-1.0,-1.0
2021/03/12,2260.0,2278.0,2221.0,2272.0,135300,-1.0,-1.0,-1.0
2021/03/15,2252.0,2257.0,2121.0,2173.0,300000,-1.0,-1.0,-1.0
2021/03/16,2162.0,2220.0,2161.0,2210.0,151600,-1.0,-1.0,-1.0
2021/03/17,2210.0,2258.0,2197.0,2253.0,96500,-1.0,-1.0,-1.0
2021/03/18,2262.0,2305.0,2245.0,2300.0,177000,-1.0,-1.0,-1.0
2021/03/19,2279.0,2287.0,2226.0,2233.0,112000,-1.0,-1.0,-1.0
2021/03/22,2233.0,2233.0,2172.0,2223.0,84400,-1.0,-1.0,-1.0
2021/03/23,2238.0,2238.0,2174.0,2188.0,75900,-1.0,-1.0,-1.0
2021/03/24,2338.0,2370.0,2116.0,2161.0,678700,-1.0,-1.0,-1.0
2021/03/25,2211.0,2230.0,2026.0,2159.0,606700,-1.0,-1.0,-1.0
2021/03/26,2194.0,2209.0,2106.0,2146.0,317400,-1.0,-1.0,-1.0
2021/03/29,2112.0,2144.0,1997.0,2030.0,429600,-1.0,-1.0,-1.0
2021/03/30,2080.0,2150.0,2064.0,2145.0,326900,-1.0,-1.0,-1.0
2021/03/31,2095.0,2132.0,2067.0,2088.0,252500,-1.0,-1.0,-1.0
2021/04/01,2119.0,2175.0,2087.0,2168.0,189600,-1.0,-1.0,-1.0
2021/04/02,2150.0,2173.0,2140.0,2160.0,66200,-1.0,-1.0,-1.0
2021/04/05,2159.0,2159.0,2092.0,2102.0,124500,-1.0,-1.0,-1.0
2021/04/06,2090.0,2094.0,2043.0,2054.0,157000,-1.0,-1.0,-1.0
2021/04/07,2050.0,2050.0,2004.0,2005.0,210500,-1.0,-1.0,-1.0
2021/04/08,2005.0,2023.0,1990.0,2005.0,216100,-1.0,-1.0,-1.0
2021/04/09,2008.0,2102.0,1986.0,2090.0,290000,-1.0,-1.0,-1.0
2021/04/12,2061.0,2079.0,2020.0,2028.0,149100,-1.0,-1.0,-1.0
2021/04/13,2012.0,2033.0,1999.0,2005.0,145400,-1.0,-1.0,-1.0
2021/04/14,2003.0,2019.0,1985.0,1987.0,206100,-1.0,-1.0,-1.0
2021/04/15,1996.0,2017.0,1984.0,1993.0,122100,-1.0,-1.0,-1.0
2021/04/16,2015.0,2030.0,1994.0,2012.0,101600,-1.0,-1.0,-1.0
2021/04/19,1996.0,2005.0,1951.0,1953.0,231800,-1.0,-1.0,-1.0
2021/04/20,1940.0,1976.0,1922.0,1948.0,163400,-1.0,-1.0,-1.0
2021/04/21,1912.0,1937.0,1856.0,1864.0,217500,-1.0,-1.0,-1.0
2021/04/22,1895.0,1927.0,1895.0,1927.0,97500,-1.0,-1.0,-1.0
2021/04/23,1891.0,1926.0,1864.0,1878.0,113800,-1.0,-1.0,-1.0
2021/04/26,1873.0,1924.0,1843.0,1920.0,185100,-1.0,-1.0,-1.0
2021/04/27,1927.0,1929.0,1883.0,1890.0,126700,-1.0,-1.0,-1.0
2021/04/28,1884.0,1884.0,1813.0,1820.0,167200,-1.0,-1.0,-1.0
2021/04/30,1804.0,1806.0,1763.0,1784.0,235000,-1.0,-1.0,-1.0
2021/05/06,1785.0,1787.0,1694.0,1708.0,449200,-1.0,-1.0,-1.0
2021/05/07,1653.0,1736.0,1632.0,1706.0,510300,-1.0,-1.0,-1.0
2021/05/10,1690.0,1690.0,1572.0,1572.0,728000,-1.0,-1.0,-1.0
2021/05/11,1549.0,1553.0,1495.0,1517.0,534700,-1.0,-1.0,-1.0
2021/05/12,1500.0,1561.0,1465.0,1474.0,385000,-1.0,-1.0,-1.0
2021/05/13,1473.0,1475.0,1420.0,1426.0,306500,-1.0,-1.0,-1.0
2021/05/14,1426.0,1468.0,1396.0,1468.0,254500,-1.0,-1.0,-1.0
2021/05/17,1468.0,1468.0,1392.0,1397.0,316700,-1.0,-1.0,-1.0
2021/05/18,1170.0,1326.0,1118.0,1324.0,1626500,-1.0,-1.0,-1.0
2021/05/19,1296.0,1407.0,1295.0,1344.0,498900,-1.0,-1.0,-1.0
2021/05/20,1317.0,1383.0,1314.0,1368.0,282200,-1.0,-1.0,-1.0
2021/05/21,1383.0,1456.0,1360.0,1427.0,316600,-1.0,-1.0,-1.0
2021/05/24,1400.0,1425.0,1371.0,1409.0,243800,-1.0,-1.0,-1.0
2021/05/25,1402.0,1436.0,1396.0,1436.0,140500,-1.0,-1.0,-1.0
2021/05/26,1435.0,1452.0,1405.0,1421.0,130300,-1.0,-1.0,-1.0
2021/05/27,1421.0,1455.0,1389.0,1455.0,216100,-1.0,-1.0,-1.0
2021/05/28,1433.0,1439.0,1400.0,1413.0,182400,-1.0,-1.0,-1.0
2021/05/31,1412.0,1412.0,1359.0,1362.0,174900,-1.0,-1.0,-1.0
2021/06/01,1362.0,1379.0,1340.0,1371.0,155100,-1.0,-1.0,-1.0
2021/06/02,1395.0,1405.0,1358.0,1370.0,125700,-1.0,-1.0,-1.0
2021/06/03,1369.0,1369.0,1318.0,1326.0,191000,-1.0,-1.0,-1.0
2021/06/04,1301.0,1335.0,1290.0,1302.0,158500,-1.0,-1.0,-1.0
2021/06/07,1304.0,1386.0,1304.0,1377.0,184900,-1.0,-1.0,-1.0
2021/06/08,1406.0,1550.0,1405.0,1526.0,827900,-1.0,-1.0,-1.0
2021/06/09,1548.0,1565.0,1433.0,1450.0,636800,-1.0,-1.0,-1.0
2021/06/10,1469.0,1529.0,1411.0,1423.0,362700,-1.0,-1.0,-1.0
2021/06/11,1442.0,1462.0,1363.0,1391.0,291200,-1.0,-1.0,-1.0
2021/06/14,1421.0,1440.0,1402.0,1432.0,157100,-1.0,-1.0,-1.0
2021/06/15,1450.0,1540.0,1448.0,1513.0,426000,-1.0,-1.0,-1.0
2021/06/16,1498.0,1518.0,1460.0,1505.0,206900,-1.0,-1.0,-1.0
2021/06/17,1492.0,1532.0,1456.0,1524.0,235600,-1.0,-1.0,-1.0
2021/06/18,1540.0,1545.0,1462.0,1482.0,263100,-1.0,-1.0,-1.0
2021/06/21,1434.0,1449.0,1403.0,1417.0,195000,-1.0,-1.0,-1.0
2021/06/22,1463.0,1533.0,1434.0,1519.0,206000,-1.0,-1.0,-1.0
2021/06/23,1521.0,1534.0,1502.0,1533.0,104200,-1.0,-1.0,-1.0
2021/06/24,1530.0,1567.0,1524.0,1566.0,170000,-1.0,-1.0,-1.0
2021/06/25,1600.0,1601.0,1533.0,1580.0,242800,-1.0,-1.0,-1.0
2021/06/28,1585.0,1647.0,1562.0,1639.0,269300,-1.0,-1.0,-1.0
2021/06/29,1679.0,1802.0,1662.0,1779.0,759000,-1.0,-1.0,-1.0
2021/06/30,1739.0,1757.0,1685.0,1735.0,390800,-1.0,-1.0,-1.0
2021/07/01,1775.0,1849.0,1717.0,1739.0,495900,-1.0,-1.0,-1.0
2021/07/02,1702.0,1741.0,1655.0,1732.0,345800,-1.0,-1.0,-1.0
2021/07/05,1700.0,1722.0,1635.0,1646.0,220400,-1.0,-1.0,-1.0
2021/07/06,1644.0,1677.0,1575.0,1661.0,255000,-1.0,-1.0,-1.0
2021/07/07,1628.0,1674.0,1600.0,1665.0,172900,-1.0,-1.0,-1.0
2021/07/08,1640.0,1640.0,1552.0,1569.0,259400,-1.0,-1.0,-1.0
2021/07/09,1529.0,1630.0,1522.0,1629.0,179300,-1.0,-1.0,-1.0
2021/07/12,1685.0,1690.0,1631.0,1647.0,173500,-1.0,-1.0,-1.0
2021/07/13,1647.0,1656.0,1600.0,1600.0,89500,-1.0,-1.0,-1.0
2021/07/14,1583.0,1651.0,1583.0,1625.0,83000,-1.0,-1.0,-1.0
2021/07/15,1623.0,1623.0,1557.0,1571.0,134100,-1.0,-1.0,-1.0
2021/07/16,1556.0,1602.0,1552.0,1581.0,73600,-1.0,-1.0,-1.0
2021/07/19,1552.0,1571.0,1512.0,1523.0,79400,-1.0,-1.0,-1.0
2021/07/20,1515.0,1548.0,1498.0,1500.0,106600,-1.0,-1.0,-1.0
2021/07/21,1503.0,1571.0,1503.0,1527.0,95800,-1.0,-1.0,-1.0
2021/07/26,1518.0,1523.0,1471.0,1492.0,164800,-1.0,-1.0,-1.0
2021/07/27,1515.0,1515.0,1431.0,1475.0,161300,-1.0,-1.0,-1.0
2021/07/28,1437.0,1468.0,1423.0,1436.0,125400,-1.0,-1.0,-1.0
2021/07/29,1451.0,1501.0,1440.0,1477.0,137500,-1.0,-1.0,-1.0
2021/07/30,1485.0,1485.0,1423.0,1477.0,110400,-1.0,-1.0,-1.0
2021/08/02,1417.0,1472.0,1417.0,1430.0,110800,-1.0,-1.0,-1.0
2021/08/03,1409.0,1461.0,1409.0,1435.0,65000,-1.0,-1.0,-1.0
2021/08/04,1435.0,1441.0,1344.0,1377.0,165900,-1.0,-1.0,-1.0
2021/08/05,1377.0,1386.0,1298.0,1303.0,235000,-1.0,-1.0,-1.0
2021/08/06,1093.0,1195.0,1081.0,1114.0,656400,-1.0,-1.0,-1.0
2021/08/10,1116.0,1192.0,1115.0,1180.0,622500,-1.0,-1.0,-1.0
2021/08/11,1180.0,1260.0,1180.0,1217.0,334100,-1.0,-1.0,-1.0
2021/08/12,1210.0,1218.0,1133.0,1200.0,309100,-1.0,-1.0,-1.0
2021/08/13,1205.0,1308.0,1198.0,1213.0,421900,-1.0,-1.0,-1.0
2021/08/16,1229.0,1337.0,1211.0,1328.0,372200,-1.0,-1.0,-1.0
2021/08/17,1320.0,1332.0,1275.0,1301.0,193000,-1.0,-1.0,-1.0
2021/08/18,1324.0,1359.0,1286.0,1320.0,308300,-1.0,-1.0,-1.0
2021/08/19,1320.0,1378.0,1320.0,1337.0,225100,-1.0,-1.0,-1.0
2021/08/20,1323.0,1353.0,1312.0,1320.0,101800,-1.0,-1.0,-1.0
2021/08/23,1349.0,1371.0,1331.0,1346.0,144900,-1.0,-1.0,-1.0
2021/08/24,1384.0,1425.0,1364.0,1408.0,228900,-1.0,-1.0,-1.0
2021/08/25,1408.0,1418.0,1370.0,1385.0,88200,-1.0,-1.0,-1.0
2021/08/26,1385.0,1429.0,1381.0,1417.0,78300,-1.0,-1.0,-1.0
2021/08/27,1410.0,1440.0,1390.0,1404.0,91600,-1.0,-1.0,-1.0
2021/08/30,1457.0,1484.0,1434.0,1462.0,179600,-1.0,-1.0,-1.0
2021/08/31,1462.0,1482.0,1449.0,1475.0,109900,-1.0,-1.0,-1.0
2021/09/01,1491.0,1580.0,1467.0,1552.0,256100,-1.0,-1.0,-1.0
2021/09/02,1549.0,1551.0,1474.0,1481.0,260600,-1.0,-1.0,-1.0
2021/09/03,1481.0,1506.0,1454.0,1492.0,156000,-1.0,-1.0,-1.0
2021/09/06,1505.0,1548.0,1505.0,1532.0,101200,-1.0,-1.0,-1.0
2021/09/07,1552.0,1583.0,1540.0,1579.0,113100,-1.0,-1.0,-1.0
2021/09/08,1560.0,1608.0,1534.0,1598.0,121900,-1.0,-1.0,-1.0
2021/09/09,1598.0,1609.0,1553.0,1571.0,176200,-1.0,-1.0,-1.0
2021/09/10,1590.0,1659.0,1571.0,1648.0,178400,-1.0,-1.0,-1.0
2021/09/13,1645.0,1667.0,1623.0,1656.0,113500,-1.0,-1.0,-1.0
2021/09/14,1647.0,1660.0,1579.0,1589.0,146000,-1.0,-1.0,-1.0
2021/09/15,1580.0,1609.0,1549.0,1557.0,91600,-1.0,-1.0,-1.0
2021/09/16,1552.0,1560.0,1422.0,1447.0,273500,-1.0,-1.0,-1.0
2021/09/17,1491.0,1523.0,1460.0,1520.0,147700,-1.0,-1.0,-1.0
2021/09/21,1452.0,1490.0,1426.0,1481.0,114700,-1.0,-1.0,-1.0
2021/09/22,1480.0,1510.0,1401.0,1412.0,161200,-1.0,-1.0,-1.0
2021/09/24,1450.0,1461.0,1424.0,1436.0,151000,-1.0,-1.0,-1.0
2021/09/27,1413.0,1438.0,1388.0,1400.0,157500,-1.0,-1.0,-1.0
2021/09/28,1382.0,1393.0,1352.0,1362.0,180200,-1.0,-1.0,-1.0
2021/09/29,1352.0,1401.0,1317.0,1382.0,153300,-1.0,-1.0,-1.0
2021/09/30,1380.0,1385.0,1314.0,1349.0,221600,-1.0,-1.0,-1.0
2021/10/01,1359.0,1397.0,1350.0,1378.0,166700,-1.0,-1.0,-1.0
2021/10/04,1378.0,1378.0,1305.0,1313.0,243200,-1.0,-1.0,-1.0
2021/10/05,1298.0,1300.0,1225.0,1242.0,352700,-1.0,-1.0,-1.0
2021/10/06,1296.0,1305.0,1227.0,1267.0,302000,-1.0,-1.0,-1.0
2021/10/07,1274.0,1280.0,1218.0,1230.0,189600,-1.0,-1.0,-1.0
2021/10/08,1230.0,1255.0,1218.0,1232.0,202500,-1.0,-1.0,-1.0
2021/10/11,1237.0,1237.0,1191.0,1211.0,180500,-1.0,-1.0,-1.0
2021/10/12,1200.0,1209.0,1164.0,1173.0,196700,-1.0,-1.0,-1.0
2021/10/13,1163.0,1197.0,1140.0,1173.0,213600,-1.0,-1.0,-1.0
2021/10/14,1196.0,1204.0,1155.0,1172.0,172800,-1.0,-1.0,-1.0
2021/10/15,1198.0,1224.0,1183.0,1213.0,198800,-1.0,-1.0,-1.0
2021/10/18,1232.0,1234.0,1186.0,1200.0,223100,-1.0,-1.0,-1.0
2021/10/19,1186.0,1230.0,1186.0,1219.0,163400,-1.0,-1.0,-1.0
2021/10/20,1215.0,1235.0,1208.0,1220.0,204800,-1.0,-1.0,-1.0
2021/10/21,1160.0,1173.0,1116.0,1116.0,486600,-1.0,-1.0,-1.0
2021/10/22,1130.0,1145.0,1090.0,1095.0,206900,-1.0,-1.0,-1.0
2021/10/25,1090.0,1090.0,1041.0,1072.0,213400,-1.0,-1.0,-1.0
2021/10/26,1099.0,1119.0,1075.0,1108.0,156700,-1.0,-1.0,-1.0
2021/10/27,1101.0,1106.0,1051.0,1072.0,114100,-1.0,-1.0,-1.0
2021/10/28,1067.0,1091.0,1056.0,1074.0,112500,-1.0,-1.0,-1.0
2021/10/29,1075.0,1076.0,1051.0,1062.0,78700,-1.0,-1.0,-1.0
2021/11/01,1065.0,1091.0,1047.0,1055.0,113700,-1.0,-1.0,-1.0
2021/11/02,1060.0,1060.0,1024.0,1027.0,118400,-1.0,-1.0,-1.0
2021/11/04,1029.0,1047.0,1002.0,1012.0,175200,-1.0,-1.0,-1.0
2021/11/05,1010.0,1035.0,985.0,1004.0,255700,-1.0,-1.0,-1.0
2021/11/08,981.0,990.0,936.0,974.0,304200,-1.0,-1.0,-1.0
2021/11/09,986.0,1032.0,986.0,1010.0,184300,-1.0,-1.0,-1.0
2021/11/10,986.0,1027.0,980.0,1010.0,83400,-1.0,-1.0,-1.0
2021/11/11,993.0,993.0,970.0,981.0,96800,-1.0,-1.0,-1.0
2021/11/12,980.0,1006.0,967.0,1003.0,154600,-1.0,-1.0,-1.0
2021/11/15,998.0,1021.0,980.0,1008.0,185200,-1.0,-1.0,-1.0
2021/11/16,1010.0,1020.0,982.0,1002.0,195600,-1.0,-1.0,-1.0
2021/11/17,995.0,1000.0,917.0,923.0,500200,-1.0,-1.0,-1.0
2021/11/18,932.0,932.0,876.0,894.0,316800,-1.0,-1.0,-1.0
2021/11/19,894.0,900.0,846.0,867.0,362100,-1.0,-1.0,-1.0
2021/11/22,860.0,883.0,841.0,866.0,225100,-1.0,-1.0,-1.0
2021/11/24,854.0,854.0,811.0,835.0,393100,-1.0,-1.0,-1.0
2021/11/25,846.0,863.0,804.0,804.0,225700,-1.0,-1.0,-1.0
2021/11/26,804.0,804.0,755.0,781.0,394400,-1.0,-1.0,-1.0
2021/11/29,755.0,780.0,740.0,743.0,352600,-1.0,-1.0,-1.0
2021/11/30,751.0,760.0,710.0,732.0,847100,-1.0,-1.0,-1.0
2021/12/01,740.0,750.0,704.0,722.0,292000,-1.0,-1.0,-1.0
2021/12/02,715.0,718.0,670.0,681.0,545800,-1.0,-1.0,-1.0
2021/12/03,682.0,718.0,674.0,715.0,403100,-1.0,-1.0,-1.0
2021/12/06,700.0,711.0,678.0,680.0,255000,-1.0,-1.0,-1.0
2021/12/07,689.0,691.0,670.0,682.0,396500,-1.0,-1.0,-1.0
2021/12/08,693.0,770.0,688.0,740.0,634500,-1.0,-1.0,-1.0
2021/12/09,743.0,760.0,722.0,735.0,324900,-1.0,-1.0,-1.0
2021/12/10,732.0,735.0,687.0,697.0,402200,-1.0,-1.0,-1.0
2021/12/13,680.0,690.0,643.0,654.0,497900,-1.0,-1.0,-1.0
2021/12/14,654.0,665.0,632.0,641.0,371700,-1.0,-1.0,-1.0
2021/12/15,635.0,676.0,635.0,659.0,424900,-1.0,-1.0,-1.0
2021/12/16,679.0,707.0,676.0,693.0,271900,-1.0,-1.0,-1.0
2021/12/17,679.0,682.0,650.0,652.0,266800,-1.0,-1.0,-1.0
2021/12/20,645.0,655.0,625.0,633.0,349000,-1.0,-1.0,-1.0
2021/12/21,636.0,645.0,622.0,630.0,319200,-1.0,-1.0,-1.0
2021/12/22,630.0,640.0,624.0,629.0,267500,-1.0,-1.0,-1.0
2021/12/23,636.0,637.0,613.0,618.0,313000,-1.0,-1.0,-1.0
2021/12/24,627.0,630.0,607.0,609.0,266600,-1.0,-1.0,-1.0
2021/12/27,614.0,623.0,593.0,593.0,335200,-1.0,-1.0,-1.0
2021/12/28,593.0,623.0,593.0,618.0,368600,-1.0,-1.0,-1.0
2021/12/29,618.0,652.0,617.0,639.0,232700,-1.0,-1.0,-1.0
2021/12/30,620.0,624.0,604.0,613.0,249400,-1.0,-1.0,-1.0
2022/01/04,617.0,622.0,595.0,597.0,295800,-1.0,-1.0,-1.0
2022/01/05,593.0,593.0,560.0,566.0,349400,-1.0,-1.0,-1.0
2022/01/06,556.0,556.0,532.0,541.0,274500,-1.0,-1.0,-1.0
2022/01/07,541.0,548.0,519.0,528.0,228400,-1.0,-1.0,-1.0
2022/01/11,498.0,518.0,482.0,512.0,434100,-1.0,-1.0,-1.0
2022/01/12,520.0,542.0,520.0,526.0,210500,-1.0,-1.0,-1.0
2022/01/13,526.0,526.0,490.0,497.0,294400,-1.0,-1.0,-1.0
2022/01/14,490.0,502.0,468.0,477.0,260500,-1.0,-1.0,-1.0
2022/01/17,484.0,484.0,460.0,463.0,193700,-1.0,-1.0,-1.0
2022/01/18,461.0,471.0,453.0,459.0,181000,-1.0,-1.0,-1.0
2022/01/19,451.0,453.0,430.0,438.0,179400,-1.0,-1.0,-1.0
2022/01/20,430.0,443.0,421.0,431.0,185800,-1.0,-1.0,-1.0
2022/01/21,427.0,427.0,411.0,421.0,200500,-1.0,-1.0,-1.0
2022/01/24,413.0,416.0,394.0,409.0,249700,-1.0,-1.0,-1.0
2022/01/25,415.0,416.0,383.0,387.0,230200,-1.0,-1.0,-1.0
2022/01/26,385.0,391.0,378.0,380.0,299300,-1.0,-1.0,-1.0
2022/01/27,381.0,384.0,355.0,359.0,315000,-1.0,-1.0,-1.0
2022/01/28,363.0,371.0,350.0,357.0,234000,-1.0,-1.0,-1.0
2022/01/31,365.0,383.0,365.0,374.0,347900,-1.0,-1.0,-1.0
2022/02/01,395.0,414.0,382.0,382.0,298000,-1.0,-1.0,-1.0
2022/02/02,400.0,426.0,400.0,413.0,354500,-1.0,-1.0,-1.0
2022/02/03,410.0,410.0,389.0,390.0,234300,-1.0,-1.0,-1.0
2022/02/04,382.0,393.0,376.0,386.0,171400,-1.0,-1.0,-1.0
2022/02/07,392.0,392.0,370.0,377.0,180000,-1.0,-1.0,-1.0
2022/02/08,377.0,388.0,370.0,373.0,133100,-1.0,-1.0,-1.0
2022/02/09,380.0,380.0,366.0,379.0,106100,-1.0,-1.0,-1.0
2022/02/10,387.0,397.0,383.0,387.0,179600,-1.0,-1.0,-1.0
2022/02/14,380.0,380.0,368.0,374.0,186100,-1.0,-1.0,-1.0
2022/02/15,366.0,375.0,346.0,355.0,404100,-1.0,-1.0,-1.0
2022/02/16,360.0,370.0,353.0,360.0,246500,-1.0,-1.0,-1.0
2022/02/17,356.0,358.0,336.0,340.0,292300,-1.0,-1.0,-1.0
2022/02/18,333.0,340.0,322.0,337.0,215700,-1.0,-1.0,-1.0
2022/02/21,337.0,337.0,321.0,334.0,166000,-1.0,-1.0,-1.0
2022/02/22,326.0,341.0,318.0,322.0,243000,-1.0,-1.0,-1.0
2022/02/24,330.0,330.0,300.0,301.0,385600,-1.0,-1.0,-1.0
2022/02/25,309.0,324.0,308.0,321.0,325200,-1.0,-1.0,-1.0
2022/02/28,328.0,344.0,319.0,341.0,282800,-1.0,-1.0,-1.0
2022/03/01,353.0,369.0,345.0,364.0,260100,-1.0,-1.0,-1.0
2022/03/02,366.0,366.0,349.0,358.0,199700,-1.0,-1.0,-1.0
2022/03/03,364.0,368.0,350.0,355.0,160900,-1.0,-1.0,-1.0
2022/03/04,355.0,355.0,329.0,340.0,173700,-1.0,-1.0,-1.0
2022/03/07,330.0,330.0,316.0,328.0,144000,-1.0,-1.0,-1.0
2022/03/08,320.0,331.0,314.0,320.0,156000,-1.0,-1.0,-1.0
2022/03/09,320.0,322.0,304.0,306.0,163700,-1.0,-1.0,-1.0
2022/03/10,322.0,322.0,314.0,321.0,122800,-1.0,-1.0,-1.0
2022/03/11,321.0,321.0,307.0,316.0,122000,-1.0,-1.0,-1.0
2022/03/14,316.0,327.0,306.0,314.0,92800,-1.0,-1.0,-1.0
2022/03/15,310.0,314.0,302.0,309.0,106400,-1.0,-1.0,-1.0
2022/03/16,313.0,323.0,304.0,315.0,140200,-1.0,-1.0,-1.0
2022/03/17,320.0,336.0,317.0,332.0,187300,-1.0,-1.0,-1.0
2022/03/18,332.0,348.0,331.0,347.0,180100,-1.0,-1.0,-1.0
2022/03/22,352.0,352.0,332.0,337.0,190100,-1.0,-1.0,-1.0
2022/03/23,338.0,360.0,338.0,355.0,231100,-1.0,-1.0,-1.0
2022/03/24,341.0,359.0,338.0,357.0,135800,-1.0,-1.0,-1.0
2022/03/25,360.0,365.0,351.0,363.0,169900,-1.0,-1.0,-1.0
2022/03/28,360.0,360.0,346.0,357.0,185300,-1.0,-1.0,-1.0
2022/03/29,360.0,361.0,340.0,351.0,271500,-1.0,-1.0,-1.0
2022/03/30,357.0,431.0,357.0,415.0,2858600,-1.0,-1.0,-1.0
2022/03/31,447.0,453.0,396.0,398.0,2062200,-1.0,-1.0,-1.0
2022/04/01,393.0,393.0,368.0,375.0,864500,-1.0,-1.0,-1.0
2022/04/04,375.0,392.0,363.0,391.0,620200,-1.0,-1.0,-1.0
2022/04/05,399.0,434.0,382.0,430.0,1317600,-1.0,-1.0,-1.0
2022/04/06,425.0,433.0,401.0,408.0,849300,-1.0,-1.0,-1.0
2022/04/07,395.0,403.0,388.0,397.0,518700,-1.0,-1.0,-1.0
2022/04/08,405.0,408.0,378.0,387.0,390500,-1.0,-1.0,-1.0
2022/04/11,380.0,380.0,367.0,377.0,371400,-1.0,-1.0,-1.0
2022/04/12,370.0,370.0,341.0,349.0,537600,-1.0,-1.0,-1.0
2022/04/13,350.0,362.0,345.0,362.0,230100,-1.0,-1.0,-1.0
2022/04/14,364.0,373.0,358.0,366.0,173400,-1.0,-1.0,-1.0
2022/04/15,360.0,369.0,355.0,365.0,123100,-1.0,-1.0,-1.0
2022/04/18,365.0,365.0,342.0,344.0,264000,-1.0,-1.0,-1.0
2022/04/19,347.0,347.0,335.0,338.0,199100,-1.0,-1.0,-1.0
2022/04/20,340.0,341.0,330.0,336.0,186200,-1.0,-1.0,-1.0
2022/04/21,360.0,389.0,334.0,339.0,2894300,-1.0,-1.0,-1.0
2022/04/22,337.0,337.0,313.0,323.0,671100,-1.0,-1.0,-1.0
2022/04/25,318.0,328.0,312.0,322.0,311200,-1.0,-1.0,-1.0
2022/04/26,338.0,342.0,330.0,336.0,295300,-1.0,-1.0,-1.0
2022/04/27,325.0,330.0,321.0,330.0,260700,-1.0,-1.0,-1.0
2022/04/28,330.0,336.0,321.0,327.0,174800,-1.0,-1.0,-1.0
2022/05/02,324.0,333.0,321.0,332.0,207800,-1.0,-1.0,-1.0
2022/05/06,333.0,340.0,326.0,335.0,230600,-1.0,-1.0,-1.0
2022/05/09,338.0,344.0,322.0,324.0,316100,-1.0,-1.0,-1.0
2022/05/10,338.0,368.0,313.0,318.0,2159600,-1.0,-1.0,-1.0
2022/05/11,330.0,398.0,325.0,398.0,2341100,-1.0,-1.0,-1.0
2022/05/12,422.0,433.0,356.0,381.0,6458100,-1.0,-1.0,-1.0
2022/05/13,387.0,461.0,381.0,422.0,5212100,-1.0,-1.0,-1.0
2022/05/16,434.0,468.0,431.0,437.0,3002000,-1.0,-1.0,-1.0
2022/05/17,470.0,517.0,421.0,434.0,5845700,-1.0,-1.0,-1.0
2022/05/18,431.0,454.0,408.0,434.0,2259100,-1.0,-1.0,-1.0
2022/05/19,448.0,473.0,410.0,411.0,3716500,-1.0,-1.0,-1.0
2022/05/20,410.0,464.0,399.0,460.0,2553700,-1.0,-1.0,-1.0
2022/05/23,484.0,540.0,480.0,531.0,5411400,-1.0,-1.0,-1.0
2022/05/24,493.0,502.0,466.0,472.0,3034300,-1.0,-1.0,-1.0
2022/05/25,491.0,505.0,408.0,412.0,3453300,-1.0,-1.0,-1.0
2022/05/26,414.0,427.0,401.0,416.0,1566800,-1.0,-1.0,-1.0
2022/05/27,424.0,436.0,408.0,424.0,1260200,-1.0,-1.0,-1.0
2022/05/30,430.0,458.0,425.0,456.0,823100,-1.0,-1.0,-1.0
2022/05/31,453.0,484.0,450.0,453.0,957000,-1.0,-1.0,-1.0
2022/06/01,445.0,505.0,444.0,502.0,1464400,-1.0,-1.0,-1.0
2022/06/02,510.0,517.0,465.0,488.0,1199300,-1.0,-1.0,-1.0
2022/06/03,491.0,567.0,491.0,567.0,4412400,-1.0,-1.0,-1.0
2022/06/06,541.0,550.0,522.0,550.0,2057900,-1.0,-1.0,-1.0
2022/06/07,543.0,602.0,528.0,542.0,3699800,-1.0,-1.0,-1.0
2022/06/08,559.0,575.0,536.0,545.0,1671200,-1.0,-1.0,-1.0
2022/06/09,552.0,563.0,514.0,514.0,1297800,-1.0,-1.0,-1.0
2022/06/10,509.0,532.0,495.0,527.0,936200,-1.0,-1.0,-1.0
2022/06/13,507.0,512.0,477.0,494.0,900000,-1.0,-1.0,-1.0
2022/06/14,484.0,484.0,461.0,472.0,687300,-1.0,-1.0,-1.0
2022/06/15,485.0,498.0,451.0,456.0,480600,-1.0,-1.0,-1.0
2022/06/16,471.0,471.0,430.0,438.0,746600,-1.0,-1.0,-1.0
2022/06/17,430.0,435.0,394.0,398.0,1401800,-1.0,-1.0,-1.0
2022/06/20,414.0,460.0,406.0,451.0,1278800,-1.0,-1.0,-1.0
2022/06/21,454.0,479.0,433.0,465.0,1181900,-1.0,-1.0,-1.0
2022/06/22,462.0,464.0,443.0,449.0,655300,-1.0,-1.0,-1.0
2022/06/23,529.0,529.0,529.0,529.0,256100,-1.0,-1.0,-1.0
2022/06/24,519.0,529.0,490.0,497.0,2727400,-1.0,-1.0,-1.0
2022/06/27,490.0,539.0,490.0,498.0,1608900,-1.0,-1.0,-1.0
2022/06/28,505.0,570.0,498.0,549.0,1552900,-1.0,-1.0,-1.0
2022/06/29,540.0,557.0,525.0,535.0,1222900,-1.0,-1.0,-1.0
2022/06/30,515.0,529.0,506.0,506.0,623600,-1.0,-1.0,-1.0
2022/07/01,500.0,507.0,462.0,474.0,1005100,-1.0,-1.0,-1.0
2022/07/04,479.0,492.0,451.0,460.0,870300,-1.0,-1.0,-1.0
2022/07/05,476.0,490.0,463.0,463.0,311600,-1.0,-1.0,-1.0
2022/07/06,478.0,490.0,441.0,445.0,831100,-1.0,-1.0,-1.0
2022/07/07,453.0,465.0,437.0,448.0,372500,-1.0,-1.0,-1.0
2022/07/08,457.0,480.0,447.0,468.0,532200,-1.0,-1.0,-1.0
2022/07/11,472.0,489.0,471.0,485.0,319300,-1.0,-1.0,-1.0
2022/07/12,480.0,485.0,466.0,478.0,342100,-1.0,-1.0,-1.0
2022/07/13,500.0,503.0,460.0,468.0,499600,-1.0,-1.0,-1.0
2022/07/14,462.0,475.0,449.0,471.0,395100,-1.0,-1.0,-1.0
2022/07/15,465.0,469.0,452.0,459.0,342400,-1.0,-1.0,-1.0
2022/07/19,459.0,466.0,449.0,462.0,212400,-1.0,-1.0,-1.0
2022/07/20,469.0,482.0,465.0,470.0,311100,-1.0,-1.0,-1.0
2022/07/21,468.0,489.0,466.0,482.0,275200,-1.0,-1.0,-1.0
2022/07/22,482.0,487.0,472.0,474.0,219300,-1.0,-1.0,-1.0
2022/07/25,473.0,475.0,457.0,457.0,399400,-1.0,-1.0,-1.0
2022/07/26,457.0,459.0,440.0,442.0,460700,-1.0,-1.0,-1.0
2022/07/27,440.0,461.0,440.0,455.0,420100,-1.0,-1.0,-1.0
2022/07/28,462.0,467.0,454.0,462.0,184300,-1.0,-1.0,-1.0
2022/07/29,465.0,478.0,460.0,473.0,413200,-1.0,-1.0,-1.0
2022/08/01,468.0,480.0,458.0,469.0,179600,-1.0,-1.0,-1.0
2022/08/02,466.0,478.0,463.0,468.0,168800,-1.0,-1.0,-1.0
2022/08/03,468.0,479.0,464.0,465.0,150900,-1.0,-1.0,-1.0
2022/08/04,479.0,499.0,473.0,490.0,586300,-1.0,-1.0,-1.0
2022/08/05,490.0,495.0,470.0,472.0,384600,-1.0,-1.0,-1.0
2022/08/08,455.0,468.0,440.0,464.0,628000,-1.0,-1.0,-1.0
2022/08/09,460.0,505.0,460.0,500.0,643900,-1.0,-1.0,-1.0
2022/08/10,492.0,496.0,471.0,471.0,298700,-1.0,-1.0,-1.0
2022/08/12,475.0,475.0,454.0,457.0,280700,-1.0,-1.0,-1.0
2022/08/15,463.0,467.0,447.0,447.0,208800,-1.0,-1.0,-1.0
2022/08/16,455.0,463.0,450.0,458.0,209200,-1.0,-1.0,-1.0
2022/08/17,455.0,463.0,444.0,451.0,259900,-1.0,-1.0,-1.0
2022/08/18,450.0,450.0,428.0,437.0,603500,-1.0,-1.0,-1.0
2022/08/19,437.0,439.0,418.0,419.0,437900,-1.0,-1.0,-1.0
2022/08/22,417.0,425.0,415.0,420.0,230300,-1.0,-1.0,-1.0
2022/08/23,412.0,415.0,405.0,410.0,264300,-1.0,-1.0,-1.0
2022/08/24,416.0,420.0,408.0,408.0,145900,-1.0,-1.0,-1.0
2022/08/25,415.0,418.0,410.0,412.0,138900,-1.0,-1.0,-1.0
2022/08/26,415.0,423.0,414.0,414.0,130900,-1.0,-1.0,-1.0
2022/08/29,403.0,408.0,399.0,404.0,222700,-1.0,-1.0,-1.0
2022/08/30,405.0,407.0,400.0,404.0,114500,-1.0,-1.0,-1.0
2022/08/31,404.0,413.0,400.0,413.0,125600,-1.0,-1.0,-1.0
2022/09/01,410.0,410.0,400.0,401.0,128800,-1.0,-1.0,-1.0
2022/09/02,404.0,405.0,389.0,390.0,240800,-1.0,-1.0,-1.0
2022/09/05,388.0,403.0,381.0,401.0,128100,-1.0,-1.0,-1.0
2022/09/06,401.0,412.0,400.0,404.0,97200,-1.0,-1.0,-1.0
2022/09/07,402.0,404.0,391.0,400.0,86600,-1.0,-1.0,-1.0
2022/09/08,410.0,410.0,395.0,404.0,110200,-1.0,-1.0,-1.0
2022/09/09,410.0,420.0,406.0,414.0,170800,-1.0,-1.0,-1.0
2022/09/12,420.0,426.0,417.0,420.0,84500,-1.0,-1.0,-1.0
2022/09/13,423.0,435.0,423.0,431.0,177700,-1.0,-1.0,-1.0
2022/09/14,415.0,435.0,408.0,424.0,185000,-1.0,-1.0,-1.0
2022/09/15,429.0,430.0,419.0,420.0,67900,-1.0,-1.0,-1.0
2022/09/16,412.0,418.0,402.0,415.0,185000,-1.0,-1.0,-1.0
2022/09/20,416.0,418.0,405.0,405.0,86200,-1.0,-1.0,-1.0
2022/09/21,409.0,410.0,390.0,405.0,121800,-1.0,-1.0,-1.0
2022/09/22,399.0,409.0,394.0,403.0,59100,-1.0,-1.0,-1.0
2022/09/26,395.0,398.0,385.0,388.0,82600,-1.0,-1.0,-1.0
2022/09/27,385.0,388.0,374.0,383.0,147100,-1.0,-1.0,-1.0
2022/09/28,382.0,391.0,376.0,387.0,142600,-1.0,-1.0,-1.0
2022/09/29,394.0,409.0,392.0,399.0,176300,-1.0,-1.0,-1.0
2022/09/30,395.0,396.0,383.0,383.0,76400,-1.0,-1.0,-1.0
2022/10/03,381.0,384.0,369.0,381.0,109100,-1.0,-1.0,-1.0
2022/10/04,382.0,392.0,382.0,391.0,69300,-1.0,-1.0,-1.0
2022/10/05,399.0,403.0,382.0,387.0,126600,-1.0,-1.0,-1.0
2022/10/06,383.0,397.0,383.0,392.0,75700,-1.0,-1.0,-1.0
2022/10/07,390.0,394.0,385.0,385.0,103200,-1.0,-1.0,-1.0
2022/10/11,385.0,385.0,374.0,377.0,78200,-1.0,-1.0,-1.0
2022/10/12,377.0,380.0,365.0,367.0,103100,-1.0,-1.0,-1.0
2022/10/13,373.0,373.0,352.0,357.0,117700,-1.0,-1.0,-1.0
2022/10/14,359.0,364.0,353.0,360.0,164100,-1.0,-1.0,-1.0
2022/10/17,360.0,360.0,346.0,351.0,118800,-1.0,-1.0,-1.0
2022/10/18,358.0,377.0,358.0,377.0,144400,-1.0,-1.0,-1.0
2022/10/19,383.0,404.0,377.0,380.0,249000,-1.0,-1.0,-1.0
2022/10/20,377.0,387.0,369.0,376.0,109000,-1.0,-1.0,-1.0
2022/10/21,377.0,378.0,363.0,366.0,102900,-1.0,-1.0,-1.0
2022/10/24,371.0,373.0,364.0,368.0,55500,-1.0,-1.0,-1.0
2022/10/25,370.0,390.0,365.0,389.0,104000,-1.0,-1.0,-1.0
2022/10/26,390.0,397.0,383.0,385.0,100300,-1.0,-1.0,-1.0
2022/10/27,385.0,386.0,376.0,379.0,80000,-1.0,-1.0,-1.0
2022/10/28,376.0,399.0,375.0,397.0,101000,-1.0,-1.0,-1.0
2022/10/31,400.0,402.0,378.0,388.0,108500,-1.0,-1.0,-1.0
2022/11/01,380.0,384.0,377.0,380.0,68800,-1.0,-1.0,-1.0
2022/11/02,378.0,385.0,372.0,385.0,61800,-1.0,-1.0,-1.0
2022/11/04,374.0,379.0,367.0,370.0,109200,-1.0,-1.0,-1.0
2022/11/07,378.0,378.0,362.0,370.0,64700,-1.0,-1.0,-1.0
2022/11/08,370.0,399.0,369.0,390.0,203700,-1.0,-1.0,-1.0
2022/11/09,386.0,406.0,385.0,395.0,207100,-1.0,-1.0,-1.0
2022/11/10,390.0,406.0,390.0,400.0,92200,-1.0,-1.0,-1.0
2022/11/11,406.0,417.0,400.0,417.0,199100,-1.0,-1.0,-1.0
2022/11/14,417.0,432.0,411.0,428.0,190000,-1.0,-1.0,-1.0
2022/11/15,425.0,430.0,416.0,430.0,150800,-1.0,-1.0,-1.0
2022/11/16,429.0,436.0,407.0,417.0,176900,-1.0,-1.0,-1.0
2022/11/17,410.0,417.0,395.0,395.0,154500,-1.0,-1.0,-1.0
2022/11/18,397.0,405.0,388.0,402.0,117600,-1.0,-1.0,-1.0
2022/11/21,378.0,378.0,330.0,342.0,1248700,-1.0,-1.0,-1.0
2022/11/22,342.0,347.0,338.0,342.0,276800,-1.0,-1.0,-1.0
2022/11/24,343.0,352.0,335.0,345.0,272800,-1.0,-1.0,-1.0
2022/11/25,343.0,354.0,340.0,353.0,226300,-1.0,-1.0,-1.0
2022/11/28,354.0,359.0,342.0,344.0,159600,-1.0,-1.0,-1.0
2022/11/29,344.0,348.0,335.0,347.0,112600,-1.0,-1.0,-1.0
2022/11/30,350.0,350.0,338.0,343.0,102200,-1.0,-1.0,-1.0
2022/12/01,347.0,352.0,340.0,343.0,93600,-1.0,-1.0,-1.0
2022/12/02,343.0,343.0,336.0,338.0,155500,-1.0,-1.0,-1.0
2022/12/05,344.0,344.0,326.0,330.0,191100,-1.0,-1.0,-1.0
2022/12/06,330.0,333.0,318.0,321.0,189300,-1.0,-1.0,-1.0
2022/12/07,321.0,326.0,315.0,321.0,144800,-1.0,-1.0,-1.0
2022/12/08,318.0,319.0,307.0,311.0,202800,-1.0,-1.0,-1.0
2022/12/09,312.0,328.0,312.0,325.0,203400,-1.0,-1.0,-1.0
2022/12/12,324.0,329.0,321.0,322.0,112800,-1.0,-1.0,-1.0
2022/12/13,324.0,328.0,320.0,327.0,102700,-1.0,-1.0,-1.0
2022/12/14,330.0,330.0,320.0,322.0,120100,-1.0,-1.0,-1.0
2022/12/15,322.0,331.0,321.0,330.0,136200,-1.0,-1.0,-1.0
2022/12/16,323.0,330.0,323.0,326.0,97000,-1.0,-1.0,-1.0
2022/12/19,327.0,328.0,320.0,321.0,218300,-1.0,-1.0,-1.0
2022/12/20,322.0,322.0,303.0,310.0,327800,-1.0,-1.0,-1.0
2022/12/21,310.0,317.0,304.0,310.0,103800,-1.0,-1.0,-1.0
2022/12/22,313.0,324.0,308.0,324.0,139600,-1.0,-1.0,-1.0
2022/12/23,319.0,327.0,318.0,320.0,92700,-1.0,-1.0,-1.0
2022/12/26,316.0,319.0,305.0,310.0,159300,-1.0,-1.0,-1.0
2022/12/27,310.0,323.0,310.0,315.0,208300,-1.0,-1.0,-1.0
2022/12/28,315.0,333.0,315.0,324.0,142100,-1.0,-1.0,-1.0
2022/12/29,320.0,338.0,320.0,336.0,146100,-1.0,-1.0,-1.0
2022/12/30,334.0,337.0,330.0,335.0,74600,-1.0,-1.0,-1.0
2023/01/04,335.0,339.0,330.0,330.0,106300,-1.0,-1.0,-1.0
2023/01/05,330.0,335.0,324.0,330.0,92600,-1.0,-1.0,-1.0
2023/01/06,330.0,332.0,323.0,323.0,69800,-1.0,-1.0,-1.0
2023/01/10,323.0,328.0,321.0,328.0,49800,-1.0,-1.0,-1.0
2023/01/11,328.0,330.0,323.0,324.0,55100,-1.0,-1.0,-1.0
2023/01/12,328.0,329.0,317.0,319.0,67300,-1.0,-1.0,-1.0
2023/01/13,311.0,317.0,305.0,317.0,117900,-1.0,-1.0,-1.0
2023/01/16,317.0,317.0,310.0,317.0,32100,-1.0,-1.0,-1.0
2023/01/17,315.0,325.0,312.0,312.0,41200,-1.0,-1.0,-1.0
2023/01/18,313.0,321.0,308.0,321.0,149300,-1.0,-1.0,-1.0
2023/01/19,316.0,325.0,316.0,324.0,39800,-1.0,-1.0,-1.0
2023/01/20,320.0,333.0,318.0,333.0,73800,-1.0,-1.0,-1.0
2023/01/23,335.0,335.0,327.0,333.0,83500,-1.0,-1.0,-1.0
2023/01/24,334.0,344.0,334.0,335.0,190800,-1.0,-1.0,-1.0
2023/01/25,335.0,347.0,334.0,340.0,213100,-1.0,-1.0,-1.0
2023/01/26,344.0,347.0,332.0,335.0,158200,-1.0,-1.0,-1.0
2023/01/27,334.0,337.0,331.0,333.0,195600,-1.0,-1.0,-1.0
2023/01/30,334.0,334.0,320.0,321.0,148700,-1.0,-1.0,-1.0
2023/01/31,321.0,331.0,319.0,329.0,64900,-1.0,-1.0,-1.0
2023/02/01,329.0,338.0,324.0,324.0,161500,-1.0,-1.0,-1.0
2023/02/02,325.0,334.0,324.0,326.0,119300,-1.0,-1.0,-1.0
2023/02/03,326.0,326.0,320.0,325.0,56800,-1.0,-1.0,-1.0
2023/02/06,329.0,330.0,322.0,322.0,73700,-1.0,-1.0,-1.0
2023/02/07,326.0,328.0,322.0,327.0,29500,-1.0,-1.0,-1.0
2023/02/08,327.0,330.0,324.0,330.0,47700,-1.0,-1.0,-1.0
2023/02/09,327.0,332.0,322.0,332.0,54100,-1.0,-1.0,-1.0
2023/02/10,328.0,328.0,317.0,318.0,97200,-1.0,-1.0,-1.0
2023/02/13,320.0,320.0,311.0,315.0,92100,-1.0,-1.0,-1.0
2023/02/14,313.0,314.0,303.0,305.0,212300,-1.0,-1.0,-1.0
2023/02/15,308.0,320.0,304.0,315.0,158900,-1.0,-1.0,-1.0
2023/02/16,319.0,334.0,313.0,319.0,482200,-1.0,-1.0,-1.0
2023/02/17,319.0,351.0,309.0,310.0,931000,-1.0,-1.0,-1.0
2023/02/20,318.0,321.0,307.0,317.0,217400,-1.0,-1.0,-1.0
2023/02/21,317.0,320.0,311.0,317.0,110500,-1.0,-1.0,-1.0
2023/02/22,317.0,317.0,308.0,311.0,110000,-1.0,-1.0,-1.0
2023/02/24,312.0,313.0,306.0,306.0,115800,-1.0,-1.0,-1.0
2023/02/27,307.0,316.0,307.0,315.0,99500,-1.0,-1.0,-1.0
2023/02/28,314.0,324.0,314.0,320.0,109100,-1.0,-1.0,-1.0
2023/03/01,323.0,325.0,315.0,323.0,62800,-1.0,-1.0,-1.0
2023/03/02,319.0,322.0,312.0,322.0,94500,-1.0,-1.0,-1.0
2023/03/03,322.0,326.0,315.0,326.0,116000,-1.0,-1.0,-1.0
2023/03/06,328.0,330.0,322.0,328.0,87800,-1.0,-1.0,-1.0
2023/03/07,325.0,331.0,325.0,331.0,74700,-1.0,-1.0,-1.0
2023/03/08,331.0,336.0,321.0,329.0,174800,-1.0,-1.0,-1.0
2023/03/09,328.0,336.0,327.0,334.0,99800,-1.0,-1.0,-1.0
2023/03/10,337.0,340.0,323.0,324.0,172400,-1.0,-1.0,-1.0
2023/03/13,320.0,320.0,308.0,315.0,174300,-1.0,-1.0,-1.0
2023/03/14,311.0,312.0,293.0,297.0,336300,-1.0,-1.0,-1.0
2023/03/15,301.0,303.0,296.0,300.0,87100,-1.0,-1.0,-1.0
2023/03/16,293.0,293.0,285.0,291.0,127100,-1.0,-1.0,-1.0
2023/03/17,294.0,301.0,292.0,297.0,80800,-1.0,-1.0,-1.0
2023/03/20,297.0,297.0,279.0,279.0,222400,-1.0,-1.0,-1.0
2023/03/22,285.0,292.0,283.0,283.0,92200,-1.0,-1.0,-1.0
2023/03/23,285.0,289.0,278.0,283.0,60200,-1.0,-1.0,-1.0
2023/03/24,284.0,291.0,281.0,291.0,90700,-1.0,-1.0,-1.0
2023/03/27,289.0,289.0,281.0,285.0,56300,-1.0,-1.0,-1.0
2023/03/28,285.0,286.0,272.0,274.0,108000,-1.0,-1.0,-1.0
2023/03/29,274.0,283.0,271.0,276.0,65000,-1.0,-1.0,-1.0
2023/03/30,276.0,287.0,276.0,287.0,69300,-1.0,-1.0,-1.0
2023/03/31,287.0,288.0,281.0,287.0,47500,-1.0,-1.0,-1.0
2023/04/03,285.0,291.0,284.0,284.0,49800,-1.0,-1.0,-1.0
2023/04/04,282.0,287.0,279.0,287.0,58100,-1.0,-1.0,-1.0
2023/04/05,287.0,287.0,277.0,282.0,48900,-1.0,-1.0,-1.0
2023/04/06,279.0,282.0,275.0,277.0,58500,-1.0,-1.0,-1.0
2023/04/07,280.0,280.0,270.0,272.0,85500,-1.0,-1.0,-1.0
2023/04/10,272.0,273.0,264.0,266.0,111100,-1.0,-1.0,-1.0
2023/04/11,264.0,275.0,264.0,267.0,97000,-1.0,-1.0,-1.0
2023/04/12,266.0,280.0,266.0,277.0,168300,-1.0,-1.0,-1.0
2023/04/13,280.0,285.0,273.0,282.0,68200,-1.0,-1.0,-1.0
2023/04/14,281.0,285.0,279.0,282.0,50500,-1.0,-1.0,-1.0
2023/04/17,281.0,281.0,275.0,276.0,36200,-1.0,-1.0,-1.0
2023/04/18,276.0,284.0,275.0,284.0,52700,-1.0,-1.0,-1.0
2023/04/19,276.0,284.0,276.0,280.0,61000,-1.0,-1.0,-1.0
2023/04/20,308.0,318.0,290.0,303.0,1412300,-1.0,-1.0,-1.0
2023/04/21,300.0,300.0,283.0,285.0,295600,-1.0,-1.0,-1.0
2023/04/24,285.0,295.0,284.0,286.0,101300,-1.0,-1.0,-1.0
2023/04/25,284.0,288.0,281.0,283.0,62200,-1.0,-1.0,-1.0
2023/04/26,283.0,285.0,278.0,278.0,75000,-1.0,-1.0,-1.0
2023/04/27,276.0,277.0,269.0,269.0,153200,-1.0,-1.0,-1.0
2023/04/28,269.0,272.0,263.0,269.0,133300,-1.0,-1.0,-1.0
2023/05/01,269.0,270.0,261.0,261.0,155700,-1.0,-1.0,-1.0
2023/05/02,261.0,261.0,247.0,247.0,331800,-1.0,-1.0,-1.0
2023/05/08,247.0,254.0,241.0,245.0,265000,-1.0,-1.0,-1.0
2023/05/09,243.0,247.0,239.0,247.0,318100,-1.0,-1.0,-1.0
2023/05/10,240.0,267.0,239.0,267.0,417900,-1.0,-1.0,-1.0
2023/05/11,267.0,269.0,258.0,263.0,135800,-1.0,-1.0,-1.0
2023/05/12,263.0,263.0,252.0,255.0,64600,-1.0,-1.0,-1.0
2023/05/15,255.0,255.0,245.0,247.0,174600,-1.0,-1.0,-1.0
2023/05/16,245.0,250.0,241.0,247.0,141200,-1.0,-1.0,-1.0
2023/05/17,245.0,264.0,239.0,260.0,317300,-1.0,-1.0,-1.0
2023/05/18,254.0,260.0,248.0,254.0,185100,-1.0,-1.0,-1.0
2023/05/19,253.0,267.0,248.0,257.0,205100,-1.0,-1.0,-1.0
2023/05/22,257.0,260.0,254.0,256.0,88200,-1.0,-1.0,-1.0
2023/05/23,272.0,336.0,270.0,285.0,6800300,-1.0,-1.0,-1.0
2023/05/24,277.0,310.0,268.0,276.0,3856800,-1.0,-1.0,-1.0
2023/05/25,268.0,273.0,248.0,251.0,1298700,-1.0,-1.0,-1.0
2023/05/26,254.0,258.0,245.0,245.0,488100,-1.0,-1.0,-1.0
2023/05/29,252.0,280.0,243.0,274.0,1303700,-1.0,-1.0,-1.0
2023/05/30,285.0,308.0,274.0,302.0,2110900,-1.0,-1.0,-1.0
2023/05/31,301.0,310.0,287.0,297.0,977700,-1.0,-1.0,-1.0
2023/06/01,300.0,304.0,284.0,286.0,555800,-1.0,-1.0,-1.0
2023/06/02,286.0,287.0,275.0,275.0,396200,-1.0,-1.0,-1.0
2023/06/05,275.0,286.0,271.0,279.0,373700,-1.0,-1.0,-1.0
2023/06/06,282.0,282.0,271.0,272.0,256900,-1.0,-1.0,-1.0
2023/06/07,272.0,277.0,263.0,271.0,347300,-1.0,-1.0,-1.0
2023/06/08,269.0,274.0,262.0,265.0,351600,-1.0,-1.0,-1.0
2023/06/09,266.0,266.0,255.0,258.0,404400,-1.0,-1.0,-1.0
2023/06/12,258.0,264.0,254.0,264.0,191100,-1.0,-1.0,-1.0
2023/06/13,267.0,291.0,265.0,276.0,1114600,-1.0,-1.0,-1.0
2023/06/14,284.0,321.0,277.0,308.0,2606300,-1.0,-1.0,-1.0
2023/06/15,305.0,319.0,297.0,309.0,952100,-1.0,-1.0,-1.0
2023/06/16,315.0,319.0,303.0,313.0,710300,-1.0,-1.0,-1.0
2023/06/19,313.0,321.0,305.0,309.0,644100,-1.0,-1.0,-1.0
2023/06/20,308.0,333.0,304.0,326.0,1034800,-1.0,-1.0,-1.0
2023/06/21,320.0,321.0,306.0,310.0,971800,-1.0,-1.0,-1.0
2023/06/22,308.0,312.0,304.0,307.0,398200,-1.0,-1.0,-1.0
2023/06/23,311.0,311.0,284.0,288.0,917600,-1.0,-1.0,-1.0
2023/06/26,301.0,333.0,287.0,293.0,3902500,-1.0,-1.0,-1.0
2023/06/27,285.0,291.0,276.0,283.0,1000300,-1.0,-1.0,-1.0
2023/06/28,282.0,290.0,276.0,290.0,539000,-1.0,-1.0,-1.0
2023/06/29,289.0,290.0,276.0,278.0,680400,-1.0,-1.0,-1.0
2023/06/30,276.0,280.0,271.0,278.0,349900,-1.0,-1.0,-1.0
2023/07/03,281.0,287.0,277.0,278.0,317900,-1.0,-1.0,-1.0
2023/07/04,279.0,285.0,273.0,285.0,288200,-1.0,-1.0,-1.0
2023/07/05,283.0,285.0,278.0,284.0,234000,-1.0,-1.0,-1.0
2023/07/06,280.0,283.0,275.0,279.0,217000,-1.0,-1.0,-1.0
2023/07/07,275.0,282.0,275.0,276.0,279800,-1.0,-1.0,-1.0
2023/07/10,275.0,275.0,262.0,263.0,485300,-1.0,-1.0,-1.0
2023/07/11,265.0,273.0,261.0,263.0,263200,-1.0,-1.0,-1.0
2023/07/12,265.0,265.0,259.0,259.0,212000,-1.0,-1.0,-1.0
2023/07/13,260.0,265.0,257.0,264.0,202300,-1.0,-1.0,-1.0
2023/07/14,264.0,267.0,259.0,261.0,171100,-1.0,-1.0,-1.0
2023/07/18,262.0,265.0,260.0,263.0,149200,-1.0,-1.0,-1.0
2023/07/19,263.0,263.0,256.0,256.0,226600,-1.0,-1.0,-1.0
2023/07/20,255.0,258.0,249.0,252.0,391600,-1.0,-1.0,-1.0
2023/07/21,250.0,250.0,239.0,243.0,585100,-1.0,-1.0,-1.0
2023/07/24,242.0,243.0,235.0,235.0,401500,-1.0,-1.0,-1.0
2023/07/25,234.0,234.0,215.0,227.0,855100,-1.0,-1.0,-1.0
2023/07/26,225.0,229.0,219.0,225.0,441500,-1.0,-1.0,-1.0
2023/07/27,222.0,222.0,214.0,215.0,695300,-1.0,-1.0,-1.0
2023/07/28,213.0,219.0,212.0,217.0,371800,-1.0,-1.0,-1.0
2023/07/31,224.0,234.0,217.0,234.0,690000,-1.0,-1.0,-1.0
2023/08/01,230.0,232.0,218.0,220.0,596600,-1.0,-1.0,-1.0
2023/08/02,218.0,223.0,213.0,215.0,416200,-1.0,-1.0,-1.0
2023/08/03,212.0,212.0,201.0,203.0,506300,-1.0,-1.0,-1.0
2023/08/04,206.0,208.0,201.0,203.0,269500,-1.0,-1.0,-1.0
2023/08/07,203.0,208.0,199.0,206.0,322200,-1.0,-1.0,-1.0
2023/08/08,153.0,156.0,143.0,145.0,5693800,-1.0,-1.0,-1.0
2023/08/09,143.0,145.0,133.0,142.0,2492500,-1.0,-1.0,-1.0
2023/08/10,141.0,148.0,141.0,146.0,915300,-1.0,-1.0,-1.0
2023/08/14,148.0,148.0,138.0,139.0,704500,-1.0,-1.0,-1.0
2023/08/15,141.0,146.0,138.0,145.0,531500,-1.0,-1.0,-1.0
2023/08/16,144.0,145.0,139.0,141.0,308400,-1.0,-1.0,-1.0
2023/08/17,138.0,138.0,130.0,133.0,790800,-1.0,-1.0,-1.0
2023/08/18,132.0,144.0,132.0,143.0,463400,-1.0,-1.0,-1.0
2023/08/21,142.0,147.0,141.0,143.0,303300,-1.0,-1.0,-1.0
2023/08/22,142.0,150.0,141.0,144.0,582800,-1.0,-1.0,-1.0
2023/08/23,145.0,161.0,144.0,160.0,914800,-1.0,-1.0,-1.0
2023/08/24,157.0,161.0,155.0,155.0,612100,-1.0,-1.0,-1.0
2023/08/25,153.0,173.0,153.0,171.0,1538000,-1.0,-1.0,-1.0
2023/08/28,175.0,181.0,163.0,165.0,1305100,-1.0,-1.0,-1.0
2023/08/29,165.0,194.0,163.0,188.0,3305100,-1.0,-1.0,-1.0
2023/08/30,189.0,190.0,176.0,184.0,1782600,-1.0,-1.0,-1.0
2023/08/31,186.0,195.0,167.0,169.0,2073100,-1.0,-1.0,-1.0
2023/09/01,167.0,168.0,162.0,167.0,843700,-1.0,-1.0,-1.0
2023/09/04,167.0,168.0,158.0,158.0,954500,-1.0,-1.0,-1.0
2023/09/05,160.0,163.0,159.0,163.0,352300,-1.0,-1.0,-1.0
2023/09/06,161.0,163.0,158.0,160.0,347200,-1.0,-1.0,-1.0
2023/09/07,160.0,160.0,150.0,154.0,699300,-1.0,-1.0,-1.0
2023/09/08,155.0,156.0,150.0,150.0,392600,-1.0,-1.0,-1.0
2023/09/11,151.0,157.0,150.0,150.0,335000,-1.0,-1.0,-1.0
2023/09/12,148.0,152.0,146.0,149.0,355900,-1.0,-1.0,-1.0
2023/09/13,148.0,151.0,145.0,150.0,241000,-1.0,-1.0,-1.0
2023/09/14,150.0,153.0,147.0,152.0,221700,-1.0,-1.0,-1.0
2023/09/15,152.0,165.0,151.0,165.0,767100,-1.0,-1.0,-1.0
2023/09/19,165.0,165.0,153.0,154.0,617100,-1.0,-1.0,-1.0
2023/09/20,153.0,158.0,153.0,154.0,163600,-1.0,-1.0,-1.0
2023/09/21,153.0,154.0,146.0,147.0,393100,-1.0,-1.0,-1.0
2023/09/22,147.0,155.0,147.0,155.0,161200,-1.0,-1.0,-1.0
2023/09/25,154.0,159.0,154.0,157.0,232300,-1.0,-1.0,-1.0
2023/09/26,155.0,158.0,154.0,154.0,176000,-1.0,-1.0,-1.0
2023/09/27,154.0,158.0,153.0,156.0,149000,-1.0,-1.0,-1.0
2023/09/28,156.0,162.0,153.0,153.0,364800,-1.0,-1.0,-1.0
2023/09/29,152.0,154.0,150.0,150.0,235300,-1.0,-1.0,-1.0
2023/10/02,151.0,154.0,145.0,147.0,270600,-1.0,-1.0,-1.0
2023/10/03,146.0,147.0,141.0,142.0,272200,-1.0,-1.0,-1.0
2023/10/04,141.0,145.0,140.0,140.0,227200,-1.0,-1.0,-1.0
2023/10/05,143.0,147.0,142.0,144.0,131600,-1.0,-1.0,-1.0
2023/10/06,142.0,152.0,142.0,150.0,197500,-1.0,-1.0,-1.0
2023/10/10,151.0,156.0,151.0,152.0,155300,-1.0,-1.0,-1.0
2023/10/11,154.0,155.0,148.0,148.0,161200,-1.0,-1.0,-1.0
2023/10/12,148.0,152.0,146.0,148.0,241700,-1.0,-1.0,-1.0
2023/10/13,149.0,151.0,144.0,144.0,127400,-1.0,-1.0,-1.0
2023/10/16,145.0,145.0,139.0,139.0,224600,-1.0,-1.0,-1.0
2023/10/17,141.0,146.0,141.0,145.0,188100,-1.0,-1.0,-1.0
2023/10/18,144.0,145.0,141.0,142.0,108100,-1.0,-1.0,-1.0
2023/10/19,141.0,146.0,141.0,144.0,212800,-1.0,-1.0,-1.0
2023/10/20,142.0,142.0,138.0,140.0,308600,-1.0,-1.0,-1.0
2023/10/23,139.0,140.0,133.0,133.0,317500,-1.0,-1.0,-1.0
2023/10/24,136.0,142.0,131.0,140.0,328600,-1.0,-1.0,-1.0
2023/10/25,141.0,142.0,137.0,137.0,124200,-1.0,-1.0,-1.0
2023/10/26,135.0,138.0,134.0,135.0,116500,-1.0,-1.0,-1.0
2023/10/27,133.0,136.0,131.0,135.0,146400,-1.0,-1.0,-1.0
2023/10/30,132.0,135.0,129.0,129.0,442900,-1.0,-1.0,-1.0
2023/10/31,130.0,132.0,127.0,130.0,175100,-1.0,-1.0,-1.0
2023/11/01,130.0,131.0,127.0,129.0,153600,-1.0,-1.0,-1.0
2023/11/02,128.0,134.0,128.0,134.0,357900,-1.0,-1.0,-1.0
2023/11/06,134.0,137.0,131.0,136.0,347900,-1.0,-1.0,-1.0
2023/11/07,143.0,143.0,132.0,133.0,398200,-1.0,-1.0,-1.0
2023/11/08,131.0,140.0,129.0,129.0,601600,-1.0,-1.0,-1.0
2023/11/09,131.0,133.0,126.0,129.0,359500,-1.0,-1.0,-1.0
2023/11/10,129.0,129.0,126.0,127.0,199200,-1.0,-1.0,-1.0
2023/11/13,128.0,128.0,123.0,123.0,199200,-1.0,-1.0,-1.0
2023/11/14,122.0,122.0,116.0,118.0,484200,-1.0,-1.0,-1.0
2023/11/15,120.0,126.0,120.0,124.0,205000,-1.0,-1.0,-1.0
2023/11/16,123.0,125.0,121.0,121.0,150000,-1.0,-1.0,-1.0
2023/11/17,122.0,129.0,122.0,127.0,214600,-1.0,-1.0,-1.0
2023/11/20,127.0,133.0,126.0,132.0,313500,-1.0,-1.0,-1.0
2023/11/21,133.0,133.0,127.0,128.0,165100,-1.0,-1.0,-1.0
2023/11/22,128.0,130.0,127.0,129.0,87400,-1.0,-1.0,-1.0
2023/11/24,128.0,131.0,128.0,130.0,95600,-1.0,-1.0,-1.0
2023/11/27,129.0,131.0,126.0,127.0,116700,-1.0,-1.0,-1.0
2023/11/28,127.0,127.0,124.0,125.0,97800,-1.0,-1.0,-1.0
2023/11/29,128.0,128.0,123.0,127.0,89200,-1.0,-1.0,-1.0
2023/11/30,127.0,127.0,124.0,124.0,68000,-1.0,-1.0,-1.0
2023/12/01,124.0,125.0,122.0,123.0,110700,-1.0,-1.0,-1.0
2023/12/04,123.0,129.0,123.0,129.0,198000,-1.0,-1.0,-1.0
2023/12/05,129.0,132.0,126.0,127.0,333900,-1.0,-1.0,-1.0
2023/12/06,127.0,128.0,123.0,124.0,222500,-1.0,-1.0,-1.0
2023/12/07,123.0,123.0,118.0,118.0,281700,-1.0,-1.0,-1.0
2023/12/08,118.0,118.0,111.0,114.0,319100,-1.0,-1.0,-1.0
2023/12/11,118.0,127.0,112.0,115.0,685000,-1.0,-1.0,-1.0
2023/12/12,115.0,116.0,110.0,111.0,317200,-1.0,-1.0,-1.0
2023/12/13,126.0,161.0,120.0,121.0,14874700,-1.0,-1.0,-1.0
2023/12/14,121.0,122.0,112.0,112.0,2290500,-1.0,-1.0,-1.0
2023/12/15,114.0,115.0,109.0,109.0,809500,-1.0,-1.0,-1.0
2023/12/18,109.0,111.0,103.0,103.0,722400,-1.0,-1.0,-1.0
2023/12/19,103.0,106.0,102.0,105.0,418100,-1.0,-1.0,-1.0
2023/12/20,105.0,108.0,103.0,103.0,301600,-1.0,-1.0,-1.0
2023/12/21,103.0,104.0,101.0,102.0,173600,-1.0,-1.0,-1.0
2023/12/22,103.0,105.0,102.0,102.0,270500,-1.0,-1.0,-1.0
2023/12/25,116.0,119.0,100.0,100.0,3241500,-1.0,-1.0,-1.0
2023/12/26,99.0,103.0,99.0,99.0,1085500,-1.0,-1.0,-1.0
2023/12/27,100.0,115.0,99.0,110.0,1926500,-1.0,-1.0,-1.0
2023/12/28,108.0,124.0,106.0,124.0,2113800,-1.0,-1.0,-1.0
2023/12/29,123.0,130.0,115.0,124.0,1280200,-1.0,-1.0,-1.0
2024/01/04,120.0,126.0,117.0,125.0,416900,-1.0,-1.0,-1.0
2024/01/05,123.0,124.0,114.0,115.0,544000,-1.0,-1.0,-1.0
2024/01/09,115.0,124.0,115.0,118.0,398400,-1.0,-1.0,-1.0
2024/01/10,118.0,122.0,118.0,120.0,227200,-1.0,-1.0,-1.0
2024/01/11,121.0,122.0,117.0,117.0,221200,-1.0,-1.0,-1.0
2024/01/12,118.0,119.0,115.0,117.0,244800,-1.0,-1.0,-1.0
2024/01/15,118.0,123.0,118.0,121.0,303100,-1.0,-1.0,-1.0
2024/01/16,122.0,125.0,119.0,121.0,239400,-1.0,-1.0,-1.0
2024/01/17,122.0,122.0,112.0,112.0,552700,-1.0,-1.0,-1.0
2024/01/18,113.0,113.0,110.0,112.0,290100,-1.0,-1.0,-1.0
2024/01/19,112.0,114.0,112.0,112.0,152000,-1.0,-1.0,-1.0
2024/01/22,113.0,116.0,113.0,116.0,130700,-1.0,-1.0,-1.0
2024/01/23,115.0,116.0,113.0,116.0,150600,-1.0,-1.0,-1.0
2024/01/24,116.0,117.0,113.0,113.0,140000,-1.0,-1.0,-1.0
2024/01/25,114.0,115.0,108.0,110.0,482300,-1.0,-1.0,-1.0
2024/01/26,110.0,114.0,109.0,114.0,248100,-1.0,-1.0,-1.0
2024/01/29,113.0,115.0,111.0,112.0,205300,-1.0,-1.0,-1.0
2024/01/30,112.0,115.0,112.0,112.0,127500,-1.0,-1.0,-1.0
2024/01/31,113.0,113.0,108.0,109.0,237000,-1.0,-1.0,-1.0
2024/02/01,107.0,110.0,103.0,104.0,403000,-1.0,-1.0,-1.0
2024/02/02,104.0,108.0,103.0,108.0,130200,-1.0,-1.0,-1.0
2024/02/05,108.0,109.0,105.0,106.0,138900,-1.0,-1.0,-1.0
2024/02/06,107.0,107.0,104.0,105.0,202000,-1.0,-1.0,-1.0
2024/02/07,105.0,107.0,100.0,101.0,752200,-1.0,-1.0,-1.0
2024/02/08,101.0,103.0,99.0,102.0,442500,-1.0,-1.0,-1.0
2024/02/09,100.0,102.0,98.0,99.0,295100,-1.0,-1.0,-1.0
2024/02/13,101.0,102.0,98.0,100.0,333800,-1.0,-1.0,-1.0
2024/02/14,100.0,100.0,91.0,95.0,563300,-1.0,-1.0,-1.0
2024/02/15,94.0,95.0,90.0,91.0,432800,-1.0,-1.0,-1.0
2024/02/16,90.0,96.0,90.0,96.0,403500,-1.0,-1.0,-1.0
2024/02/19,96.0,100.0,92.0,96.0,527600,-1.0,-1.0,-1.0
2024/02/20,96.0,99.0,96.0,97.0,224100,-1.0,-1.0,-1.0
2024/02/21,97.0,99.0,95.0,96.0,202900,-1.0,-1.0,-1.0
2024/02/22,97.0,98.0,92.0,93.0,273300,-1.0,-1.0,-1.0
2024/02/26,93.0,99.0,93.0,96.0,201700,-1.0,-1.0,-1.0
2024/02/27,97.0,102.0,96.0,102.0,396800,-1.0,-1.0,-1.0
2024/02/28,100.0,102.0,99.0,101.0,244600,-1.0,-1.0,-1.0
2024/02/29,98.0,99.0,96.0,97.0,290900,-1.0,-1.0,-1.0
2024/03/01,98.0,100.0,97.0,97.0,204000,-1.0,-1.0,-1.0
2024/03/04,96.0,100.0,94.0,96.0,358700,-1.0,-1.0,-1.0
2024/03/05,94.0,97.0,93.0,97.0,161600,-1.0,-1.0,-1.0
2024/03/06,97.0,103.0,97.0,100.0,571600,-1.0,-1.0,-1.0
2024/03/07,101.0,102.0,96.0,100.0,508800,-1.0,-1.0,-1.0
2024/03/08,100.0,101.0,98.0,98.0,350000,-1.0,-1.0,-1.0
2024/03/11,97.0,99.0,95.0,97.0,321900,-1.0,-1.0,-1.0
2024/03/12,96.0,99.0,95.0,97.0,90500,-1.0,-1.0,-1.0
2024/03/13,99.0,100.0,95.0,95.0,139900,-1.0,-1.0,-1.0
2024/03/14,95.0,96.0,93.0,95.0,207400,-1.0,-1.0,-1.0
2024/03/15,93.0,94.0,90.0,93.0,407300,-1.0,-1.0,-1.0
2024/03/18,93.0,95.0,92.0,93.0,152900,-1.0,-1.0,-1.0
2024/03/19,93.0,96.0,93.0,94.0,95300,-1.0,-1.0,-1.0
2024/03/21,95.0,96.0,94.0,96.0,114700,-1.0,-1.0,-1.0
2024/03/22,96.0,96.0,94.0,94.0,95900,-1.0,-1.0,-1.0
2024/03/25,93.0,96.0,93.0,93.0,114400,-1.0,-1.0,-1.0
2024/03/26,94.0,95.0,92.0,92.0,90300,-1.0,-1.0,-1.0
2024/03/27,93.0,95.0,92.0,93.0,78000,-1.0,-1.0,-1.0
2024/03/28,93.0,95.0,93.0,93.0,39700,-1.0,-1.0,-1.0
2024/03/29,92.0,96.0,92.0,96.0,190700,-1.0,-1.0,-1.0
2024/04/01,94.0,96.0,93.0,96.0,134700,-1.0,-1.0,-1.0
2024/04/02,96.0,96.0,90.0,91.0,300900,-1.0,-1.0,-1.0
2024/04/03,91.0,92.0,90.0,91.0,97300,-1.0,-1.0,-1.0
2024/04/04,92.0,92.0,91.0,91.0,71900,-1.0,-1.0,-1.0
2024/04/05,90.0,92.0,90.0,90.0,83900,-1.0,-1.0,-1.0
2024/04/08,93.0,96.0,91.0,92.0,232300,-1.0,-1.0,-1.0
2024/04/09,93.0,93.0,91.0,91.0,143100,-1.0,-1.0,-1.0
2024/04/10,91.0,94.0,91.0,93.0,281000,-1.0,-1.0,-1.0
2024/04/11,94.0,94.0,92.0,92.0,69700,-1.0,-1.0,-1.0
2024/04/12,92.0,93.0,90.0,91.0,234300,-1.0,-1.0,-1.0
2024/04/15,106.0,114.0,87.0,88.0,12381200,-1.0,-1.0,-1.0
2024/04/16,88.0,88.0,81.0,82.0,2445800,-1.0,-1.0,-1.0
2024/04/17,82.0,82.0,78.0,78.0,981700,-1.0,-1.0,-1.0
2024/04/18,79.0,81.0,78.0,80.0,434100,-1.0,-1.0,-1.0
2024/04/19,78.0,82.0,78.0,78.0,401400,-1.0,-1.0,-1.0
2024/04/22,78.0,81.0,78.0,79.0,191100,-1.0,-1.0,-1.0
2024/04/23,80.0,81.0,77.0,77.0,499500,-1.0,-1.0,-1.0
2024/04/24,77.0,79.0,77.0,77.0,164600,-1.0,-1.0,-1.0
2024/04/25,77.0,78.0,77.0,77.0,89000,-1.0,-1.0,-1.0
2024/04/26,77.0,79.0,77.0,77.0,147800,-1.0,-1.0,-1.0
2024/04/30,77.0,78.0,77.0,77.0,121400,-1.0,-1.0,-1.0
2024/05/01,77.0,78.0,77.0,77.0,128700,-1.0,-1.0,-1.0
2024/05/02,78.0,79.0,76.0,79.0,195100,-1.0,-1.0,-1.0
2024/05/07,79.0,80.0,78.0,80.0,92300,-1.0,-1.0,-1.0
2024/05/08,80.0,81.0,77.0,78.0,401500,-1.0,-1.0,-1.0
2024/05/09,78.0,78.0,74.0,75.0,1186400,-1.0,-1.0,-1.0
2024/05/10,74.0,75.0,69.0,71.0,915000,-1.0,-1.0,-1.0
2024/05/13,71.0,71.0,69.0,70.0,297200,-1.0,-1.0,-1.0
2024/05/14,70.0,73.0,69.0,71.0,567500,-1.0,-1.0,-1.0
2024/05/15,70.0,72.0,69.0,70.0,286300,-1.0,-1.0,-1.0
2024/05/16,70.0,70.0,66.0,66.0,460600,-1.0,-1.0,-1.0
2024/05/17,67.0,68.0,62.0,63.0,863600,-1.0,-1.0,-1.0
2024/05/20,64.0,69.0,63.0,69.0,440500,-1.0,-1.0,-1.0
2024/05/21,68.0,69.0,65.0,66.0,309600,-1.0,-1.0,-1.0
2024/05/22,66.0,67.0,64.0,65.0,228700,-1.0,-1.0,-1.0
2024/05/23,66.0,69.0,64.0,69.0,308700,-1.0,-1.0,-1.0
2024/05/24,69.0,70.0,68.0,69.0,349900,-1.0,-1.0,-1.0
2024/05/27,69.0,71.0,67.0,70.0,504600,-1.0,-1.0,-1.0
2024/05/28,69.0,71.0,69.0,71.0,353200,-1.0,-1.0,-1.0
2024/05/29,69.0,71.0,67.0,68.0,468000,-1.0,-1.0,-1.0
2024/05/30,67.0,70.0,66.0,70.0,212500,-1.0,-1.0,-1.0
2024/05/31,69.0,71.0,68.0,69.0,176100,-1.0,-1.0,-1.0
2024/06/03,71.0,72.0,69.0,71.0,253700,-1.0,-1.0,-1.0
2024/06/04,71.0,71.0,69.0,71.0,253000,-1.0,-1.0,-1.0
2024/06/05,69.0,71.0,69.0,69.0,210500,-1.0,-1.0,-1.0
2024/06/06,69.0,70.0,68.0,69.0,146800,-1.0,-1.0,-1.0
2024/06/07,69.0,72.0,66.0,70.0,694700,-1.0,-1.0,-1.0
2024/06/10,69.0,71.0,68.0,71.0,169500,-1.0,-1.0,-1.0
2024/06/11,70.0,71.0,69.0,70.0,145100,-1.0,-1.0,-1.0
2024/06/12,69.0,70.0,69.0,70.0,206400,-1.0,-1.0,-1.0
2024/06/13,69.0,71.0,69.0,71.0,162000,-1.0,-1.0,-1.0
2024/06/14,69.0,72.0,69.0,71.0,417100,-1.0,-1.0,-1.0
2024/06/17,70.0,71.0,69.0,71.0,99400,-1.0,-1.0,-1.0
2024/06/18,70.0,71.0,69.0,69.0,146100,-1.0,-1.0,-1.0
2024/06/19,70.0,71.0,69.0,69.0,84000,-1.0,-1.0,-1.0
2024/06/20,69.0,71.0,69.0,70.0,125500,-1.0,-1.0,-1.0
2024/06/21,69.0,70.0,68.0,69.0,282000,-1.0,-1.0,-1.0
2024/06/24,69.0,70.0,68.0,68.0,188500,-1.0,-1.0,-1.0
2024/06/25,69.0,71.0,68.0,70.0,457500,-1.0,-1.0,-1.0
2024/06/26,70.0,70.0,69.0,70.0,447900,-1.0,-1.0,-1.0
2024/06/27,69.0,71.0,69.0,70.0,368000,-1.0,-1.0,-1.0
2024/06/28,71.0,71.0,69.0,70.0,210300,-1.0,-1.0,-1.0
2024/07/01,70.0,71.0,69.0,70.0,207100,-1.0,-1.0,-1.0
2024/07/02,70.0,72.0,70.0,70.0,204900,-1.0,-1.0,-1.0
2024/07/03,70.0,71.0,69.0,70.0,141100,-1.0,-1.0,-1.0
2024/07/04,69.0,70.0,69.0,70.0,64100,-1.0,-1.0,-1.0
2024/07/05,69.0,71.0,69.0,70.0,159900,-1.0,-1.0,-1.0
2024/07/08,70.0,71.0,69.0,70.0,97000,-1.0,-1.0,-1.0
2024/07/09,70.0,70.0,69.0,70.0,45600,-1.0,-1.0,-1.0
2024/07/10,70.0,70.0,68.0,70.0,408200,-1.0,-1.0,-1.0
2024/07/11,70.0,83.0,70.0,72.0,10274500,-1.0,-1.0,-1.0
2024/07/12,71.0,72.0,69.0,70.0,1422400,-1.0,-1.0,-1.0
2024/07/16,70.0,71.0,69.0,70.0,581700,-1.0,-1.0,-1.0
2024/07/17,70.0,72.0,70.0,70.0,483100,-1.0,-1.0,-1.0
2024/07/18,70.0,71.0,70.0,70.0,272000,-1.0,-1.0,-1.0
2024/07/19,70.0,75.0,70.0,73.0,1518000,-1.0,-1.0,-1.0
2024/07/22,73.0,74.0,70.0,70.0,754300,-1.0,-1.0,-1.0
2024/07/23,71.0,74.0,70.0,72.0,1025300,-1.0,-1.0,-1.0
2024/07/24,77.0,102.0,74.0,102.0,29924700,-1.0,-1.0,-1.0
2024/07/25,122.0,129.0,91.0,108.0,48554900,-1.0,-1.0,-1.0
2024/07/26,105.0,106.0,91.0,95.0,9036000,-1.0,-1.0,-1.0
2024/07/29,100.0,125.0,98.0,125.0,19793800,-1.0,-1.0,-1.0
2024/07/30,140.0,171.0,127.0,138.0,68572600,-1.0,-1.0,-1.0
2024/07/31,160.0,177.0,152.0,165.0,45308100,-1.0,-1.0,-1.0
2024/08/01,150.0,157.0,128.0,143.0,20985800,-1.0,-1.0,-1.0
2024/08/02,138.0,162.0,125.0,134.0,26171600,-1.0,-1.0,-1.0
2024/08/05,121.0,132.0,84.0,89.0,16610400,-1.0,-1.0,-1.0
2024/08/06,112.0,115.0,100.0,101.0,16311300,-1.0,-1.0,-1.0
2024/08/07,101.0,110.0,99.0,100.0,8672500,-1.0,-1.0,-1.0
2024/08/08,95.0,121.0,93.0,110.0,24633200,-1.0,-1.0,-1.0
2024/08/09,120.0,125.0,101.0,105.0,19843600,-1.0,-1.0,-1.0
2024/08/13,110.0,136.0,104.0,123.0,37215100,-1.0,-1.0,-1.0
2024/08/14,143.0,173.0,140.0,173.0,49723500,-1.0,-1.0,-1.0
2024/08/15,196.0,203.0,141.0,145.0,59197300,-1.0,-1.0,-1.0
2024/08/16,148.0,164.0,139.0,146.0,30723800,-1.0,-1.0,-1.0
2024/08/19,143.0,152.0,135.0,135.0,9821700,-1.0,-1.0,-1.0
2024/08/20,138.0,147.0,132.0,145.0,7660800,-1.0,-1.0,-1.0
2024/08/21,147.0,176.0,144.0,156.0,21509300,-1.0,-1.0,-1.0
2024/08/22,152.0,161.0,145.0,151.0,7298200,-1.0,-1.0,-1.0
2024/08/23,148.0,149.0,138.0,138.0,4989100,-1.0,-1.0,-1.0
2024/08/26,141.0,146.0,135.0,142.0,5314700,-1.0,-1.0,-1.0
2024/08/27,138.0,140.0,134.0,136.0,2742300,-1.0,-1.0,-1.0
2024/08/28,136.0,141.0,129.0,131.0,5389900,-1.0,-1.0,-1.0
2024/08/29,130.0,131.0,121.0,123.0,4696700,-1.0,-1.0,-1.0
2024/08/30,123.0,125.0,114.0,115.0,6050500,-1.0,-1.0,-1.0
2024/09/02,119.0,119.0,104.0,110.0,6385600,-1.0,-1.0,-1.0
2024/09/03,109.0,114.0,106.0,106.0,4482100,-1.0,-1.0,-1.0
2024/09/04,102.0,107.0,100.0,103.0,3909800,-1.0,-1.0,-1.0
2024/09/05,101.0,106.0,98.0,100.0,4876600,-1.0,-1.0,-1.0
2024/09/06,98.0,101.0,93.0,96.0,7413100,-1.0,-1.0,-1.0
2024/09/09,91.0,99.0,91.0,97.0,2805100,-1.0,-1.0,-1.0
2024/09/10,97.0,106.0,96.0,97.0,7079600,-1.0,-1.0,-1.0
2024/09/11,97.0,97.0,89.0,92.0,4741600,-1.0,-1.0,-1.0
2024/09/12,92.0,95.0,90.0,92.0,2219800,-1.0,-1.0,-1.0
2024/09/13,91.0,92.0,88.0,92.0,2352100,-1.0,-1.0,-1.0
2024/09/17,92.0,122.0,87.0,122.0,31866800,-1.0,-1.0,-1.0
2024/09/18,141.0,144.0,110.0,111.0,51098500,-1.0,-1.0,-1.0
2024/09/19,113.0,118.0,105.0,108.0,21913900,-1.0,-1.0,-1.0
2024/09/20,108.0,109.0,101.0,101.0,8346100,-1.0,-1.0,-1.0
2024/09/24,102.0,114.0,100.0,102.0,15376800,-1.0,-1.0,-1.0
2024/09/25,101.0,104.0,94.0,95.0,8476300,-1.0,-1.0,-1.0
2024/09/26,95.0,96.0,92.0,94.0,3293100,-1.0,-1.0,-1.0
2024/09/27,95.0,97.0,92.0,93.0,2702500,-1.0,-1.0,-1.0
2024/09/30,91.0,95.0,90.0,93.0,2313000,-1.0,-1.0,-1.0
2024/10/01,106.0,108.0,96.0,99.0,19870000,-1.0,-1.0,-1.0
2024/10/02,97.0,110.0,95.0,102.0,15192300,-1.0,-1.0,-1.0
2024/10/03,106.0,124.0,105.0,123.0,30240500,-1.0,-1.0,-1.0
2024/10/04,118.0,126.0,116.0,124.0,17756600,-1.0,-1.0,-1.0
2024/10/07,126.0,129.0,114.0,115.0,14192600,-1.0,-1.0,-1.0
2024/10/08,117.0,118.0,109.0,113.0,12241700,-1.0,-1.0,-1.0
2024/10/09,110.0,115.0,106.0,112.0,7281000,-1.0,-1.0,-1.0
2024/10/10,110.0,110.0,104.0,104.0,4948700,-1.0,-1.0,-1.0
2024/10/11,104.0,106.0,102.0,102.0,3838300,-1.0,-1.0,-1.0
2024/10/15,103.0,105.0,100.0,103.0,2696300,-1.0,-1.0,-1.0
2024/10/16,102.0,103.0,99.0,102.0,2110700,-1.0,-1.0,-1.0
2024/10/17,101.0,106.0,100.0,103.0,2718500,-1.0,-1.0,-1.0
2024/10/18,103.0,104.0,99.0,99.0,2533000,-1.0,-1.0,-1.0
2024/10/21,99.0,101.0,99.0,100.0,1650000,-1.0,-1.0,-1.0
2024/10/22,99.0,99.0,94.0,95.0,3840900,-1.0,-1.0,-1.0
2024/10/23,95.0,96.0,92.0,93.0,2338400,-1.0,-1.0,-1.0
2024/10/24,92.0,101.0,91.0,98.0,6383900,-1.0,-1.0,-1.0
2024/10/25,120.0,128.0,109.0,118.0,61991600,-1.0,-1.0,-1.0
2024/10/28,120.0,136.0,111.0,111.0,44889400,-1.0,-1.0,-1.0
2024/10/29,114.0,161.0,113.0,161.0,67607200,-1.0,-1.0,-1.0
2024/10/30,151.0,167.0,139.0,148.0,87801400,-1.0,-1.0,-1.0
2024/10/31,144.0,166.0,138.0,146.0,90071800,-1.0,-1.0,-1.0
2024/11/01,141.0,145.0,128.0,132.0,27342300,-1.0,-1.0,-1.0
2024/11/05,129.0,134.0,122.0,122.0,10491300,-1.0,-1.0,-1.0
2024/11/06,124.0,132.0,121.0,124.0,13998500,-1.0,-1.0,-1.0
2024/11/07,124.0,131.0,117.0,122.0,15089700,-1.0,-1.0,-1.0
2024/11/08,125.0,131.0,112.0,114.0,14745600,-1.0,-1.0,-1.0
2024/11/11,109.0,115.0,108.0,111.0,7398700,-1.0,-1.0,-1.0
2024/11/12,112.0,124.0,112.0,123.0,10571900,-1.0,-1.0,-1.0
2024/11/13,121.0,130.0,117.0,130.0,11838900,-1.0,-1.0,-1.0
2024/11/14,127.0,131.0,110.0,112.0,24050000,-1.0,-1.0,-1.0
2024/11/15,112.0,131.0,111.0,124.0,25956100,-1.0,-1.0,-1.0
2024/11/18,121.0,125.0,117.0,118.0,7589900,-1.0,-1.0,-1.0
2024/11/19,121.0,136.0,119.0,133.0,26651300,-1.0,-1.0,-1.0
2024/11/20,132.0,141.0,129.0,131.0,26517000,-1.0,-1.0,-1.0
2024/11/21,131.0,140.0,128.0,133.0,14325100,-1.0,-1.0,-1.0
2024/11/22,135.0,145.0,134.0,141.0,18479600,-1.0,-1.0,-1.0
2024/11/25,143.0,145.0,136.0,143.0,18155400,-1.0,-1.0,-1.0
2024/11/26,142.0,142.0,134.0,136.0,14354500,-1.0,-1.0,-1.0
2024/11/27,145.0,157.0,142.0,156.0,59547500,-1.0,-1.0,-1.0
2024/11/28,147.0,149.0,137.0,140.0,21651600,-1.0,-1.0,-1.0
2024/11/29,139.0,143.0,135.0,135.0,6078100,-1.0,-1.0,-1.0
2024/12/02,130.0,138.0,127.0,130.0,9308300,-1.0,-1.0,-1.0
2024/12/03,129.0,130.0,119.0,127.0,15288700,-1.0,-1.0,-1.0
2024/12/04,125.0,129.0,121.0,123.0,4795700,-1.0,-1.0,-1.0
2024/12/05,122.0,126.0,121.0,125.0,4016300,-1.0,-1.0,-1.0
2024/12/06,124.0,124.0,116.0,116.0,6093100,-1.0,-1.0,-1.0
2024/12/09,118.0,120.0,115.0,116.0,3325200,-1.0,-1.0,-1.0
2024/12/10,114.0,117.0,113.0,114.0,3437900,-1.0,-1.0,-1.0
2024/12/11,116.0,119.0,113.0,114.0,2518000,-1.0,-1.0,-1.0
2024/12/12,114.0,114.0,110.0,111.0,3770600,-1.0,-1.0,-1.0
2024/12/13,113.0,115.0,110.0,111.0,5904900,-1.0,-1.0,-1.0
2024/12/16,110.0,110.0,103.0,105.0,6498700,-1.0,-1.0,-1.0
2024/12/17,106.0,115.0,104.0,110.0,5264600,-1.0,-1.0,-1.0
2024/12/18,109.0,109.0,105.0,105.0,2980600,-1.0,-1.0,-1.0
2024/12/19,103.0,105.0,101.0,103.0,2836400,-1.0,-1.0,-1.0
2024/12/20,103.0,107.0,100.0,100.0,4125300,-1.0,-1.0,-1.0
2024/12/23,99.0,102.0,95.0,102.0,4935200,-1.0,-1.0,-1.0
2024/12/24,102.0,104.0,99.0,100.0,2456000,-1.0,-1.0,-1.0
2024/12/25,100.0,103.0,98.0,102.0,2625100,-1.0,-1.0,-1.0
2024/12/26,100.0,103.0,98.0,99.0,3242700,-1.0,-1.0,-1.0
2024/12/27,99.0,104.0,98.0,102.0,2514800,-1.0,-1.0,-1.0
2024/12/30,101.0,103.0,100.0,102.0,1594200,-1.0,-1.0,-1.0
2025/01/06,101.0,127.0,98.0,109.0,28896000,-1.0,-1.0,-1.0
2025/01/07,106.0,107.0,101.0,103.0,10055500,-1.0,-1.0,-1.0
2025/01/08,103.0,105.0,100.0,100.0,5802800,-1.0,-1.0,-1.0
2025/01/09,100.0,104.0,99.0,101.0,3723300,-1.0,-1.0,-1.0
2025/01/10,102.0,106.0,102.0,104.0,3419100,-1.0,-1.0,-1.0
2025/01/14,104.0,106.0,103.0,104.0,2136100,-1.0,-1.0,-1.0
2025/01/15,103.0,104.0,101.0,104.0,1895400,-1.0,-1.0,-1.0
2025/01/16,104.0,105.0,101.0,103.0,1440900,-1.0,-1.0,-1.0
2025/01/17,102.0,103.0,99.0,100.0,2445400,-1.0,-1.0,-1.0
2025/01/20,100.0,103.0,100.0,100.0,1428400,-1.0,-1.0,-1.0
2025/01/21,100.0,101.0,98.0,99.0,3208300,-1.0,-1.0,-1.0
2025/01/22,99.0,103.0,99.0,102.0,3506200,-1.0,-1.0,-1.0
2025/01/23,109.0,109.0,100.0,103.0,9799200,-1.0,-1.0,-1.0
2025/01/24,105.0,108.0,102.0,102.0,11775000,-1.0,-1.0,-1.0
2025/01/27,102.0,106.0,102.0,102.0,6333800,-1.0,-1.0,-1.0
2025/01/28,102.0,102.0,100.0,100.0,3600100,-1.0,-1.0,-1.0
2025/01/29,101.0,101.0,98.0,99.0,3365300,-1.0,-1.0,-1.0
2025/01/30,99.0,99.0,97.0,97.0,3394600,-1.0,-1.0,-1.0
2025/01/31,97.0,98.0,95.0,96.0,2372500,-1.0,-1.0,-1.0
2025/02/03,95.0,97.0,93.0,95.0,3577600,-1.0,-1.0,-1.0
2025/02/04,96.0,98.0,95.0,96.0,1624500,-1.0,-1.0,-1.0
2025/02/05,96.0,98.0,96.0,97.0,152100,-1.0,-1.0,-1.0
2025/02/06,97.0,100.0,97.0,99.0,2324400,-1.0,-1.0,-1.0
2025/02/07,98.0,100.0,97.0,98.0,1499200,-1.0,-1.0,-1.0
2025/02/10,99.0,101.0,98.0,99.0,2239600,-1.0,-1.0,-1.0
2025/02/12,100.0,101.0,98.0,101.0,2899200,-1.0,-1.0,-1.0
2025/02/13,100.0,101.0,98.0,99.0,2009500,-1.0,-1.0,-1.0
2025/02/14,99.0,103.0,97.0,100.0,3870300,-1.0,-1.0,-1.0
2025/02/17,100.0,105.0,99.0,102.0,3670800,-1.0,-1.0,-1.0
2025/02/18,102.0,104.0,101.0,101.0,2222500,-1.0,-1.0,-1.0
2025/02/19,101.0,102.0,99.0,100.0,2385000,-1.0,-1.0,-1.0
2025/02/20,100.0,102.0,98.0,99.0,1809900,-1.0,-1.0,-1.0
2025/02/21,100.0,100.0,97.0,99.0,2340600,-1.0,-1.0,-1.0
2025/02/25,92.0,98.0,91.0,95.0,3297600,-1.0,-1.0,-1.0
2025/02/26,96.0,97.0,91.0,94.0,3384200,-1.0,-1.0,-1.0
2025/02/27,93.0,94.0,90.0,91.0,3677800,-1.0,-1.0,-1.0
2025/02/28,90.0,91.0,87.0,87.0,4627400,-1.0,-1.0,-1.0
2025/03/03,89.0,90.0,87.0,87.0,2038700,-1.0,-1.0,-1.0
2025/03/04,86.0,87.0,82.0,85.0,3700200,-1.0,-1.0,-1.0
2025/03/05,85.0,88.0,85.0,87.0,1490600,-1.0,-1.0,-1.0
2025/03/06,87.0,89.0,86.0,87.0,917900,-1.0,-1.0,-1.0
2025/03/07,86.0,88.0,85.0,86.0,1452200,-1.0,-1.0,-1.0
2025/03/10,86.0,89.0,85.0,87.0,1220000,-1.0,-1.0,-1.0
2025/03/11,87.0,87.0,84.0,86.0,1515500,-1.0,-1.0,-1.0
2025/03/12,87.0,90.0,87.0,89.0,1128900,-1.0,-1.0,-1.0
2025/03/13,90.0,90.0,87.0,87.0,1208700,-1.0,-1.0,-1.0
2025/03/14,88.0,90.0,88.0,88.0,1564000,-1.0,-1.0,-1.0
2025/03/17,89.0,91.0,87.0,90.0,1023900,-1.0,-1.0,-1.0
